# set_id=rika_summer_set_v1									
# title=理科									
# version=1									
id	prompt	keyword	explanation	correct_index	choice_a	choice_b	choice_c	choice_d	
q_001	物体に力がはたらいたときに見られる現象として、間違っているものはどれですか。	力のはたらき	力のはたらきには、「物体を変形させる」「物体の動き（速さや向き）を変える」「物体を支える」の3つがあります。物体の質量そのものを変えることはできません。	3	物体を変形させる	物体の動きを変える	物体を支える	物体の質量を変える	
q_002	バネやゴムのように、力を加えて変形した物体が元の形に戻ろうとする性質を何といいますか。	弾性	力を取り除いたときに元の形に戻る性質を「弾性」といいます。これを利用した力を弾性力と呼びます。	0	弾性	塑性	磁性	慣性	
q_003	粘土のように、力を加えて変形させたあと、力を除いても元の形に戻らない性質を何といいますか。	塑性	元の形に戻らない性質を「塑性（可塑性）」といいます。プラスチックも熱や力を加えることでこの性質を示します。	2	弾性	剛性	塑性	脆性	
q_004	地球が、その中心に向かって物体を引く力を何といいますか。	重力	地球上のすべての物体には、地球の中心に向かって引かれる「重力」がはたらいています。	1	磁力	重力	電気力	摩擦力	
q_005	物体にはたらく重力の大きさのことを、一般に何といいますか。	重さ	重力の大きさのことを「重さ」といい、場所によって変化します。単位はニュートン（N）を用います。	0	重さ	質量	体積	密度	
q_006	場所に左右されない、物体そのものの分量を何といいますか。	質量	場所が変わっても変化しない物体そのものの量を「質量」といいます。単位はグラム（g）やキログラム（kg）です。	1	重さ	質量	圧力	重量	
q_007	力を表す矢印において、矢印の「長さ」は何を表していますか。	力の三要素	力の三要素は「大きさ」「向き」「作用点」です。矢印の長さは、その力の大きさを表します。	0	大きさ	向き	作用点	質量	
q_008	力を表す矢印を描き始める点（始点）のことを何といいますか。	作用点	力がはたらく地点を「作用点」といい、矢印の根元で示します。	2	中心点	終点	作用点	接点	
q_009	重力を矢印で表すとき、作用点は物体のどこに置くのが一般的ですか。	重力の作図	重力は物体全体にはたらきますが、作図では物体の「中心（重心）」を作用点として描きます。	2	物体の底面	物体の上面	物体の中心	物体の右端	
q_010	バネの伸びと、そこにはたらく力の大きさが比例する関係を何の法則といいますか。	フックの法則	バネの伸びが力の大きさに比例することを「フックの法則」といいます。イギリスの科学者フックが発見しました。	0	フックの法則	ニュートンの法則	慣性の法則	パスカルの法則	
q_011	理科の計算において、質量100gの物体にはたらく重力の大きさはおよそ何Nとされますか。	単位の換算	一般的に、地球上では100gの物体にはたらく重力の大きさを約1N（ニュートン）として扱います。	1	0.1N	1N	10N	100N	
q_012	質量4.5kgの物体にはたらく重力の大きさは何Nですか。100gの物体にはたらく重力を1Nとします。	重さの計算	4.5kgは4500gです。100gが1Nなので、4500÷100＝45Nとなります。	2	4.5N	0.45N	45N	450N	
q_013	月面上での重力は、地球上の約何分の1ですか。	月面の重力	月面での重力は地球の約6分の1です。そのため、月面での物体の重さも地球の約6分の1になります。	3	2分の1	3分の1	4分の1	6分の1	
q_014	地球上で重さが6Nの物体を月面上に持っていったとき、その物体の重さは約何Nになりますか。	重さの変化	重力が6分の1になるため、6Nの物体は月面では約1Nになります。	0	1N	6N	0N	36N	
q_015	地球上で質量600gの物体を無重力の宇宙空間に持っていったとき、その物体の「質量」はどうなりますか。	質量の不変性	質量は場所によって変化しないため、宇宙空間でも600gのまま変わりません。	1	0gになる	600gのまま	100gになる	60gになる	
q_016	磁石のN極とS極のように、引き合ったりしりぞけ合ったりする力を何といいますか。	磁力	磁石の極の間にはたらく力を「磁力（磁石の力）」といいます。	3	重力	弾性力	摩擦力	磁力	
q_017	プラスチックの下じきに髪の毛が引きつけられるときにはたらく力を何といいますか。	電気力	静電気などによって物体どうしが引き合ったりしりぞけ合ったりする力を「電気力」といいます。	1	磁力	電気力	重力	垂直抗力	
q_018	物体の動きを妨げる向きにはたらく、物体と物体がこすれ合うときにはたらく力を何といいますか。	摩擦力	面と面が接して動くときに、その動きを邪魔する方向にはたらく力を「摩擦力」といいます。	2	重力	弾性力	摩擦力	磁力	
q_019	面の上に置いてある物体に対して、面が垂直に押し返す力を何といいますか。	垂直抗力	物体が接している面から、その面に垂直にはたらく押し返す力を「垂直抗力（抗力）」といいます。	1	摩擦力	垂直抗力	磁力	重力	
q_020	バケツに水を入れて振り回したときのように、中心から遠ざかろうとする向きにはたらく力を何といいますか。	遠心力	回転運動において、外側に向かってはたらく力を「遠心力」といいます。	3	重力	摩擦力	抗力	遠心力	
q_021	重力、磁力、電気力の3つの力に共通する大きな特徴は何ですか。	離れてはたらく力	これらの力は、物体どうしが直接触れていなくても（離れていても）はたらくという特徴があります。	0	離れていてもはたらく	触れないとはたらかない	空気がないとはたらかない	水の中では消える	
q_022	質量20gのおもりをつるすと1cm伸びるバネがあります。このバネが8cm伸びているとき、バネを引いている力は何Nですか。100gを1Nとします。	フックの法則の応用	1cmで20gなので、8cmでは160g必要です。100g＝1Nなので160gは1.6Nになります。	1	0.8N	1.6N	16N	80N	
q_023	5Nの力を加えると3cm伸びるバネがあります。このバネに2kgのおもりをつるすと、バネは何cm伸びますか。100gを1Nとします。	計算問題	2kg＝20Nです。5Nで3cmなら、その4倍の力である20Nでは伸びも4倍の12cmになります。	3	6cm	9cm	10cm	12cm	
q_024	100gのおもりをつるすと1cm伸びるバネを「直列（縦）」に2つ繋ぎ、100gのおもりをつるしました。全体の伸びは何cmですか。	バネの連結（直列）	直列の場合、それぞれのバネに100gの力がかかるため、1cmずつ伸び、合計で2cm伸びます。	1	1cm	2cm	0.5cm	4cm	
q_025	100gのおもりをつるすと1cm伸びるバネを「並列（横並び）」に2つ繋いで100gのおもりを支えるとき、全体の伸びは何cmですか。	バネの連結（並列）	2本のバネで重さを分担するため、1本当たり50g分の力がかかり、伸びは0.5cmになります。	3	1cm	2cm	3cm	0.5cm	
q_026	実験でバネの長さを測るとき、目盛りの読み取りを正確にするためにバネの端などに付ける目印を何といいますか。	指標	「指標」を用いることで、ものさしの目盛りを正確に読み取りやすくなります。	0	指標	重り	フック	スタンド	
q_027	測定器の調整や目盛りの読み取りなどによって、測定値が真の値からわずかにずれることを何といいますか。	誤差	実験によるわずかなずれを「誤差」といいます。くり返し測定して平均をとることで小さくできます。	2	失敗	欠落	誤差	偏差	
q_028	グラフを作成する際、横軸（x軸）には一般的にどのような量を設定しますか。	グラフの軸	横軸には「実験で意図的に変化させた量（おもりの数や力の大きさ）」を設定します。	0	変化させた量	変化した結果の量	時間の経過	常に一定の量	
q_029	グラフを作成する際、縦軸（y軸）には一般的にどのような量を設定しますか。	グラフの軸	縦軸には「変化させた結果として現れた量（バネの伸びなど）」を設定します。	1	変化させた量	変化した結果の量	全体の長さ	おもりの質量	
q_030	グラフの点が一直線上にきれいに並ばない場合、近似直線をどのように引くのが適切ですか。	直線の引き方	各点の近くを通り、点が直線の上下に同じくらい散らばるように直線を引きます。	1	すべての点を結ぶ折れ線	点の上下にバランスよく引く直線	最も高い点を通る直線	原点を通らない直線	
q_031	バネを強く引くほど、バネが元に戻ろうとする弾性力の大きさはどうなりますか。	弾性力の特徴	バネが大きく変形する（大きく伸びる）ほど、元に戻ろうとする弾性力は大きくなります。	0	大きくなる	小さくなる	変わらない	ゼロになる	
q_032	あるバネにおいて、おもりを1つ吊るした時の伸びが5mmでした。おもりを3つ吊るした時の伸びは何mmと予想されますか。	比例の関係	フックの法則（比例）により、おもりが3倍になれば伸びも3倍の15mmになります。	2	5mm	10mm	15mm	20mm	
q_033	あるバネに0.5Nの力を加えたところ、27mm伸びました。このバネに1.0Nの力を加えたときの伸びは何mmになりますか。	比例の計算	力が2倍（0.5Nから1.0N）になれば、伸びも2倍の54mmになります。	1	27mm	54mm	81mm	108mm	
q_034	同じ力を加えたとき、伸びる長さが短いバネは、伸びる長さが長いバネに比べて弾性力がどうであるといえますか。	バネの強さ	同じ力で伸びが短いバネほど、弾性力が「強い（強いバネ）」といえます。	0	強い	弱い	同じ	判定不能	
q_035	実験において、バネの「伸び」はどのように算出しますか。	伸びの定義	「おもりをつるしたときの長さ」から「何もつるしていないときの長さ（元の長さ）」を引いて求めます。	2	つるした時の長さ＋元の長さ	おもりの重さ÷元の長さ	つるした時の長さ－元の長さ	つるした時の長さそのもの	
q_036	力を矢印で表すとき、矢印の向きは何を表していますか。	力の三要素	矢印の「向き」は、そのまま力がはたらいている方向を表します。	1	力の大きさ	力の向き	力の作用点	力の種類	
q_037	バレーボールをアタックして、ボールの形がへこむ現象は、力のはたらきのうちどれですか。	力のはたらき（変形）	力が加わることで物体の形が変わるため、「物体を変形させる」はたらきです。	0	物体を変形させる	物体の動きを変える	物体を支える	物体の質量を変える	
q_038	バッターが飛んできたボールを打ち返す現象は、力のはたらきのうちどれに該当しますか。	力のはたらき（運動）	ボールの速さや向きが変わるため、「物体の動き（速さや向き）を変える」はたらきです。	1	物体を変形させる	物体の動きを変える	物体を支える	物体の体積を変える	
q_039	「静止している重量あげのバーベル」の状態は、力のはたらきのうちどれに該当しますか。	力のはたらき（支える）	重力に逆らってバーベルを静止させているため、「物体を支える」はたらきです。	2	物体を変形させる	物体の動きを変える	物体を支える	物体の密度を変える	
q_040	ニュートン（N）という単位の由来となった科学者はどこの国の人ですか。	科学史	アイザック・ニュートンは、イギリスの科学者です。	1	ドイツ	イギリス	アメリカ	フランス	
q_041	「バネA」は0.1Nで5mm、「バネB」は0.1Nで38mm伸びます。どちらのバネの方が「強い」といえますか。	バネの比較	同じ力で伸びが小さい「バネA」の方が、弾性力が強く、強いバネであるといえます。	0	バネA	バネB	どちらも同じ	判定不能	
q_042	バネの伸びと力の関係のグラフが原点（0,0）を通る直線であることは、何を意味していますか。	比例の意味	力が0のときに伸びも0であり、力が2倍、3倍になると伸びも2倍、3倍になる「比例」を意味します。	0	比例している	反比例している	誤差がない	バネが壊れている	
q_043	フックの法則を数式 y=ax で表すとき、xが「力の大きさ」なら、yは何を表しますか。	数式の理解	この式において、$y$ はバネの「伸び」を表します。	3	バネの重さ	バネの元の長さ	バネの全体の長さ	バネの伸び	
q_044	実験で目盛りを読み取るとき、誤差を少なくするための視線の方向はどれですか。	測定のスキル	目盛りに対して「正面（垂直）」から読み取るのが正しい方法です。	2	斜め上から	斜め下から	正面（垂直）から	遠くから	
q_045	定規を設置する際、バネに何も吊るしていない状態の指標の位置に定規の0cmを合わせることを何といいますか。	0点合わせ	測定の基準となる開始位置を合わせることを「0点合わせ」といいます。	1	中心合わせ	0点合わせ	目盛り合わせ	垂直合わせ	
q_046	バネにおもりを吊るしすぎると元の形に戻らなくなります。この現象を何といいますか。	弾性の限界	弾性の範囲を超えて変形させると塑性が現れ、元の形に戻らなくなります。	1	弾性強化	弾性の限界（塑性への移行）	磁化	重力増加	
q_047	自転車のブレーキをかけたときに、車輪の回転を止めるためにはたらく力は何ですか。	摩擦力の例	ブレーキパッドと車輪がこすれ合うことで発生する「摩擦力」を利用しています。	2	重力	弾性力	摩擦力	電気力	
q_048	100gのおもりで1cm伸びるバネを「直列」に3つ繋ぎ、100gのおもりを1つつるしました。全体の伸びは何cmですか。	バネの連結（直列3本）	それぞれのバネに100gの力がかかるため、1cm×3本＝3cmの伸びとなります。	2	1cm	2cm	3cm	6cm	
q_049	フックの法則 y = 2x において、x（力の大きさ）が 5N のとき、y（バネの伸び）は何cmになりますか。	数式の計算	式に代入すると、$y = 2 \times 5 = 10$ となり、10cmになります。	2	5cm	7cm	10cm	15cm	
q_050	実験データを表にまとめる際、1行目には一般的に何を書きますか。	表の書き方	一般的に、1行目には「変化させたもの（原因）」を書きます。	0	変化させたもの	変化した結果のもの	感想	日付	
q_051	グラフを作成する際、横軸と縦軸のどちらに「実験の結果（バネの伸びなど）」をとるのが一般的ですか。	グラフの軸のきめ方	グラフでは、原因となる「変化させた量（力の大きさなど）」を横軸に、その結果現れた「変化した量（伸びなど）」を縦軸にとるのが一般的です。	1	横軸	縦軸	どちらでもよい	斜め軸	
q_052	バネの実験で測定した点（・）をグラフに記入した後、線を引くときの正しい作法はどれですか。	直線の引き方	各点の近くを通り、点が直線の上下に同じくらい散らばるような「平均的な直線」を引きます。誤差があるため、すべての点を折れ線で結んではいけません。	1	すべての点を折れ線で結ぶ	点の上下にバランスよく直線を引く	最も高い点と低い点だけを結ぶ	原点を通らない線を引く	
q_053	測定において、器具の調整や目盛りの読み取りによって、測定値が真の値からわずかにずれてしまうことを何といいますか。	誤差	実験には避けられないわずかなずれがつきもので、これを「誤差」と呼びます。	2	過失	失敗	誤差	残差	
q_054	目盛りで値を読み取るとき、誤差を小さくするために推奨される方法はどれですか。	誤差の軽減	目盛りを読み取るときは、正面から見ることや、くり返し測定して平均をとることが重要です。	3	1回だけ素早く測る	目盛りを斜めから見る	適当な数字を選ぶ	くり返し測定して平均をとる	
q_055	「100gの物体を吊るすと5mm伸びる」バネAがあります。このバネに0.2Nの力を加えたときの伸びは何mmになりますか。なお100g＝1Nとします。	比例の計算	100g（1N）で5mm伸びるなら、0.2N（1Nの5分の1）の力では伸びも5分の1の1mmになります。	0	1mm	2mm	5mm	10mm	
q_056	「100gの物体を吊るすと38mm伸びる」バネBがあります。このバネに0.3Nの力を加えたときの伸びは何mmになりますか。なお100g＝1Nとし、バネBは1個あたり0.1Nのおもりに対応しています。	比例の計算	バネBは0.1Nで38mm伸びる性質を持っています。その3倍の0.3Nでは、伸びも3倍の114mm（38×3）になります。	2	38mm	76mm	114mm	152mm	
q_057	「0.5Nの力で27mm伸びるバネ赤」と「0.5Nの力で85mm伸びるバネ青」を比較したとき、正しい記述はどれですか。	バネの強さの比較	同じ力を加えても伸びが小さい（27mm）「バネ赤」の方が、伸びが大きい（85mm）「バネ青」よりも「強い（硬い）」といえます。	0	バネ赤の方が強い	バネ青の方が強い	強さは同じである	色だけでは判定できない	
q_058	ある非常に強いバネに0.1Nの力を加えても伸びが確認できませんでしたが、0.2Nで2mm伸びました。このバネに0.5Nの力を加えると伸びは何mmになると予想されますか。	比例の計算	このバネは0.1N増えるごとに、1mmずつ伸びが増える傾向（(10-2)/(0.3-0.2)のような計算）があります。資料のデータに基づくと、0.5Nでは27mmとなります。	3	10mm	15mm	20mm	27mm	
q_059	バネに加えるおもりの数を1個、2個、3個と増やしていくと、バネの伸びも2倍、3倍になっていく現象から導き出される関係は何ですか。	比例関係	力の大きさが2倍、3倍になるとバネの伸びも2倍、3倍になる関係を「比例」といいます。	0	比例	反比例	二次関数	無関係	
q_060	バネ秤（ばねばかり）の目盛りが等間隔になっている理由として、正しいものはどれですか。	計測器の仕組み	バネの伸びと力の大きさが比例関係（フックの法則）にあるため、目盛りを等間隔にすることができます。	1	デザインを美しくするため	伸びと力が比例しているため	磁石を利用しているため	重力が場所で変わらないため	
q_061	「100gの物体を吊るすと1cm伸びるバネ」を直列に3つ繋ぎ、100gのおもりを1個吊るしました。バネ全体の伸びは何cmになりますか。	バネの連結（直列）	直列の場合、すべてのバネに同じ100gの力がはたらきます。1本1cm伸びるバネが3本あるので、1+1+1=3cmとなります。	2	1cm	2cm	3cm	6cm	
q_062	「100gの物体を吊るすと3cm伸びるバネ」を並列に2本並べて100gのおもりを支えるとき、バネ全体の伸びは何cmになりますか。	バネの連結（並列）	並列にすると100gの重さを2本で分担するため、1本当たり50g分の力がかかります。100gで3cmなら50gで1.5cm伸びることになります。	1	3cm	1.5cm	0.5cm	6cm	
q_063	バネの実験において、おもりを吊るしたときの指標の位置と、ものさしの0cmの位置を合わせる作業を何といいますか。	0点合わせ	測定を開始する基準を揃えることを「0点合わせ」といいます。これにより、バネの「伸び」を直接読み取ることができます。	1	高さ調整	0点合わせ	水平取り	目盛り打ち	
q_064	質量4.5kgの物体にかかる重力の大きさは何Nですか。なお100g＝1Nとします。	単位換算の計算	4.5kg＝4500gです。100gが1Nなので、4500÷100＝45Nとなります。	2	4.5N	0.45N	45N	450N	
q_065	質量120gの物体が月面上にあるとき、その物体の「質量」は何gですか。	質量の不変性	質量は物体そのものの量であり、場所が変わっても変化しません。したがって月面上でも120gのままです。	1	20g	120g	0g	720g	
q_066	質量120gの物体を月面上に持っていったとき、その物体の「重さ」は約何Nになりますか。なお地球上で100g＝1Nとし、月面の重力は地球の6分の1とします。	重さの計算（月面）	地球上では1.2Nの重さですが、月面ではその6分の1になるため、1.2÷6＝0.2Nとなります。	0	0.2N	1.2N	6N	0N	
q_067	無重力の宇宙空間において、地球上で質量600gだった物体の「重さ」は何Nになりますか。	無重力の影響	重力がない空間では、物体を引っ張る力（重力）がはたらかないため、重さは0Nになります。	3	600N	6N	1N	0N	
q_068	変形した物体が元に戻ろうとする「弾性力」の性質について、正しい説明はどれですか。	弾性力の特徴	物体が大きく変形するほど（バネを大きく伸ばすほど）、元に戻ろうとする弾性力は大きくなります。	0	変形が大きくなるほど力は大きくなる	変形が大きくなるほど力は小さくなる	変形に関わらず力は一定である	力は物体の質量だけで決まる	
q_069	「塑性（そせい）」の性質を持つ代表的な物体としてソースに挙げられているものはどれですか。	塑性の具体例	力を加えて形を変えた後に元に戻らない性質を塑性といい、粘土はその代表例です。	1	ゴム	粘土	鋼鉄のバネ	空気	
q_070	プラスチック製品がさまざまな形で作られるのは、プラスチックにどのような性質があるからですか。	塑性の応用	プラスチックは熱や力を加えることで形を変え、元に戻らない「塑性（可塑性）」の性質を持つため、加工に適しています。	2	弾性	磁性	塑性	脆性	
q_071	「物体の動きを変える」という力のはたらきの例として、適切なものはどれですか。	力のはたらき（運動）	飛んできたボールを打ち返す行為は、ボールの速さや進む向きを変えるため、動きを変えるはたらきに当たります。	0	バッターがボールを打ち返す	弓の弦を引いて止める	机の上に本を置く	スポンジを握りつぶす	
q_072	「物体を支える」という力のはたらきの例として、適切なものはどれですか。	力のはたらき（支える）	重量あげのバーベルを頭上で静止させている状態は、重力に抗って物体を支えているはたらきに当たります。	2	サッカーボールを蹴る	ゴムを伸ばす	バーベルを静止させて持つ	磁石で釘を引きつける	
q_073	物体が他の物体と接触しているときに、その面を垂直に押し返す力を何といいますか。	垂直抗力	面が物体を押し返す力を「垂直抗力（抗力）」と呼びます。	1	摩擦力	垂直抗力	弾性力	重力	
q_074	磁石の同じ極（N極とN極など）どうしを近づけたときにはたらく力の様子を何といいますか。	磁力の性質	磁石の同じ極どうしは、互いに遠ざけようとする「しりぞけ合う力」がはたらきます。	1	引き合う	しりぞけ合う	消滅する	重なり合う	
q_075	重力、磁力、電気力という3つの力に共通する、他の力（摩擦力や弾性力など）とは異なる特徴は何ですか。	力の作用の仕方	これらの力は、物体どうしが直接触れていなくても、離れた状態ではたらくという共通点があります。	2	接触しないとはたらかない	必ず上向きにはたらく	離れていてもはたらく	質量に反比例する	
q_076	力を表す矢印を描くとき、その「向き」は何を表現していますか。	力の三要素（向き）	矢印の先端が向いている方向が、そのまま「力がはたらく向き」を表します。	1	力の大きさ	力の向き	力の作用点	物体の重心	
q_077	力を表す矢印で、力の大きさを変えたい場合、作図上どのように変更しますか。	力の三要素（大きさ）	矢印の「長さ」が力の大きさを表すため、力を大きくしたいときは矢印を長く描きます。	0	矢印の長さを変える	矢印の向きを反転させる	矢印の太さを変える	矢印の始点をずらす	
q_078	重力を表す矢印の向きは、どのように描くのが正しいですか。	重力の作図（向き）	重力は常に地球の中心に向かってはたらくため、「真下（鉛直下向き）」に描きます。	3	水平右向き	斜め下向き	真上向き	真下（鉛直下向き）	
q_079	実験でバネに吊るすおもりの数を0個から1個、2個と変えていくとき、この「おもりの数」は実験においてどのような量と呼ばれますか。	実験の変数	実験で意図的に変える条件のことを「変化させた量」といいます。	0	変化させた量	変化した量（結果）	固定した量	測定誤差	
q_080	実験でバネにおもりを増やした結果、バネが伸びました。この「バネの伸び」は実験においてどのような量と呼ばれますか。	実験の変数	実験で条件を変えた結果として現れる数値のことを「変化した量」といいます。	1	変化させた量	変化した量（結果）	基準となる量	無関係な量	
q_081	フックの法則が成り立つとき、力の大きさとバネの伸びの関係をグラフに表すと、どのような線になりますか。	比例グラフの形状	比例関係にあるため、グラフは「原点を通る直線」になります。	2	曲線	階段状の線	原点を通る直線	右下がりの直線	
q_082	あるバネに加える力を2倍にしたとき、バネの伸びはどうなると予想されますか。	フックの法則の適用	フックの法則（比例）に基づき、力の大きさが2倍になれば、伸びも「2倍」になります。	1	変わらない	2倍になる	半分になる	4倍になる	
q_083	バネの「元の長さ」が15cmで、おもりを吊るしたときの「全体の長さ」が18cmでした。バネの「伸び」は何cmですか。	伸びの計算	伸び ＝ 全体の長さ － 元の長さ なので、18 － 15 ＝ 3cmとなります。	2	18cm	15cm	3cm	33cm	
q_084	質量20gのおもりを吊るすと1cm伸びるバネがあります。このバネに重さ1.6Nの力を加えたとき、伸びは何cmになりますか。なお100g＝1Nとします。	計算問題	1.6Nは160gに相当します。20gで1cmなら、160gでは 160÷20＝8cm伸びます。	3	1.6cm	4cm	6cm	8cm	
q_085	「5Nの力を加えると3cm伸びるバネ」があります。このバネに質量2kgのおもりを吊るしました。伸びは何cmになりますか。なお100g＝1Nとします。	計算問題	2kg＝20Nです。5Nで3cmなら、20N（5Nの4倍）では 3×4＝12cm伸びます。	1	6cm	12cm	15cm	20cm	
q_086	台ばかりの上に荷物を置いたとき、目盛りの針が動く直接の原因は何ですか。	台ばかりの原理	荷物が台を押し下げる「力の大きさ（重さ）」によって、内部のバネが変形するからです。	0	荷物が台を押す力	地球の自転	周囲の空気の重さ	荷物の体積の増加	
q_087	実験でバネの伸びを測定する際、正確に測るために定規をどのように設置すべきですか。	実験手順の工夫	バネと定規の距離を離さず、バネに揃えて（平行に）垂直に立てて設置します。	2	バネから大きく離す	斜めに立てかける	バネに揃えて垂直に立てる	手で持ったまま測る	
q_088	バネ秤（ばねばかり）を横に引いて物体を動かすとき、バネ秤が示しているのは何の大きさですか。	力の測定	物体を引いている「手の力（弾性力）」の大きさを測定しています。	1	物体の質量	加えている力の大きさ	地球の重力の向き	摩擦力の係数	
q_089	スポーツで弓を引いているとき、矢を飛ばそうとする力はバネの実験における何という力と同じ種類ですか。	力の種類の応用	変形した弓が元に戻ろうとする「弾性力」を利用しています。	1	重力	弾性力	垂直抗力	磁力	
q_090	17世紀に「バネの伸びと力の比例関係」を発見し、その法則に名が残っている科学者は誰ですか。	科学史	イギリスの科学者「ロバート・フック」です。	2	ニュートン	アインシュタイン	フック	パスカル	
q_091	物体が接している面から、その動きを邪魔するようにはたらく「摩擦力」の説明として正しいものはどれですか。	摩擦力の特徴	摩擦力は、物体が動こうとする向きとは「反対の向き」にはたらき、動きを妨げます。	3	重力と同じ向きにはたらく	動きを助ける向きにはたらく	垂直上向きにはたらく	動きを妨げる向きにはたらく	
q_092	「100gで1cm伸びるバネ」を2つ直列に繋ぎ、200gのおもりを吊るしました。全体の伸びは何cmですか。	バネの連結（直列応用）	直列では2つのバネそれぞれに200gの力がかかります。1本当たり200gで2cm伸びるので、合計 2+2=4cmとなります。	3	1cm	2cm	3cm	4cm	
q_093	「100gで1cm伸びるバネ」を2つ並列に繋ぎ、200gのおもりを吊るしました。全体の伸びは何cmですか。	バネの連結（並列応用）	2本で200gを支えるので、1本当たり100gの力がかかります。よって、全体の伸びは1本分の伸びである「1cm」になります。	0	1cm	2cm	0.5cm	4cm	
q_094	地球上では100gの物体に約1Nの重力がはたらきます。では、2kgの物体にはたらく重力は何Nですか。	計算問題	2kg＝2000gです。100gで1Nなら、2000gでは20Nとなります。	1	2N	20N	200N	0.2N	
q_095	バネにおもりを吊るして静止しているとき、バネが「おもりを上に引き上げる力」とつり合っている力は何ですか。	力のつり合い	おもりにはたらく「重力（下に引く力）」と、バネが引く力がつり合って静止しています。	2	垂直抗力	摩擦力	重力	電気力	
q_096	バネにおもりを増やしていったところ、ある点から急激に伸びが不規則になり、おもりを外しても元に戻らなくなりました。これは何が起きたと考えられますか。	弾性の限界	バネが元に戻れる限界（弾性の限界）を超えて変形させてしまったため、塑性が現れたと考えられます。	1	重力が強くなった	弾性の限界を超えた	バネが磁石になった	誤差が消えた	
q_097	実験報告書の「ねらい」という項目には、通常どのような内容を書きますか。	実験の構成	その実験を通して何を知りたいか、何を明らかにしたいかという「目的」を書きます。	1	使った道具のリスト	実験の目的（法則を見つけるなど）	実験中の失敗談	当日の天気	
q_098	バネの実験の感想として、「見た目は同じようなバネなのに、伸び方の規則が違っていて不思議だ」と感じた生徒がいました。この伸び方の違いを決めている要因は何ですか。	バネの特性	バネの材質や太さ、巻き方などによって決まる「バネの強さ（弾性力の強さ）」の違いです。	0	バネの強さの違い	おもりの色の違い	スタンドの高さの違い	部屋の明るさの違い	
q_099	バネを引いたときに手がバネから引っ張り返されるように感じるのは、バネの何という力がはたらいているからですか。	弾性力の作用	変形したバネが元の形に戻ろうとして生じる「弾性力」を、手が受けているからです。	1	重力	弾性力	摩擦力	電気力	
q_100	力の三要素を矢印で描くとき、作用点（力の出発点）を物体と面の接点に描くべき力はどれですか。	作図の基本	面から物体にはたらく「垂直抗力」や「摩擦力」は、面との接点を作用点として描きます。	3	重力	磁力	電気力	垂直抗力	
q_101	「100gのおもりをつるすと1cm伸びるバネ」を縦に2つ直列に繋ぎ、一番下に100gのおもりを1つつるしました。バネ全体の伸びは何cmになりますか。	バネの連結（直列）	直列に繋いだ場合、それぞれのバネに同じ100gの力がはたらくため、1cmずつ伸び、合計で2cmの伸びになります。	1	1cm	2cm	0.5cm	4cm	
q_102	「100gのおもりをつるすと1cm伸びるバネ」を縦に3つ直列に繋ぎ、一番下に100gのおもりを1つつるしました。バネ全体の伸びは何cmになりますか。	バネの連結（直列）	直列の場合、3つのバネすべてに100gの重さがかかるため、1cm×3本で合計3cm伸びることになります。	2	1cm	2cm	3cm	6cm	
q_103	「100gのおもりをつるすと1cm伸びるバネ」を2本並列（横並び）にして、100gのおもり1個を2本で支えるように吊るしました。全体の伸びは何cmになりますか。	バネの連結（並列）	並列の場合、100gの重さを2本のバネで分担するため、1本当たりの負担は50g分となり、伸びは半分の0.5cmになります。	3	1cm	2cm	2.5cm	0.5cm	
q_104	「100gのおもりをつるすと3cm伸びるバネ」を2本並列にして、100gのおもり1個を吊るしました。全体の伸びは何cmになりますか。	バネの連結（並列）	100gの重さが2本に分散され、1本当たり50gの力がかかります。100gで3cmなら、50gではその半分の1.5cm伸びます。	1	3cm	1.5cm	0.5cm	6cm	
q_105	物体が面と接して動くときに、その動きを妨げる向きにはたらく力を何といいますか。	摩擦力	物体が動こうとするのを邪魔する方向にはたらく力を「摩擦力」といいます。自転車のブレーキなどはこの力を利用しています。	3	重力	弾性力	垂直抗力	摩擦力	
q_106	磁石の異なる極（N極とS極）を近づけたとき、互いにどのようにはたらき合いますか。	磁力の性質	磁石の異なる極どうしは、互いに引きつけ合う力がはたらきます。	0	引き合う	しりぞけ合う	何も起こらない	反発する	
q_107	磁石の同じ極（N極とN極、またはS極とS極）を近づけたとき、互いにどのようにはたらき合いますか。	磁力の性質	磁石の同じ極どうしは、互いに遠ざけようとする「しりぞけ合う力」がはたらきます。	1	引き合う	しりぞけ合う	消滅する	重なり合う	
q_108	静電気などによって物体どうしが引き合ったりしりぞけ合ったりする力を何といいますか。	電気力	プラスチックの下じきでこすった髪の毛が持ち上がるような現象は、「電気力」によるものです。	1	磁力	電気力	重力	摩擦力	
q_109	回転運動において、中心から外側へ逃げようとする向きにはたらく力を何といいますか。	遠心力	振り回したバケツの水がこぼれないのは、外側に向かって「遠心力」がはたらいているためです。	3	摩擦力	弾性力	重力	遠心力	
q_110	物体が接している面から、その面に対して垂直に押し返す力を何といいますか。	垂直抗力	面が物体を支えようとして垂直に押し返す力を「垂直抗力（抗力）」といいます。	1	摩擦力	垂直抗力	磁力	電気力	
q_111	地球上で、質量300gの物体にはたらく重力の大きさは何Nですか。なお100g＝1Nとします。	重さの計算	100gで1Nなので、300gの物体には3Nの重力がはたらきます。	2	0.3N	1N	3N	30N	
q_112	質量120gの物体を地球から月面上に持っていきました。月面上でのこの物体の「質量」は何gですか。	質量の不変性	質量は場所によって変わらない物体そのものの量であるため、月面上でも120gのままです。	1	20g	120g	0g	720g	
q_113	質量120gの物体を月面上に持っていきました。月面上でのこの物体の「重さ」は何Nですか。なお地球上で100g＝1Nとし、月面の重力は地球の6分の1とします。	重さの計算（月面）	地球上での重さは1.2Nです。月面ではその6分の1になるため、1.2÷6＝0.2Nとなります。	0	0.2N	1.2N	6N	0N	
q_114	粘土に力を加えて形を変えると、力を除いても元の形に戻りません。このような性質を何といいますか。	塑性	力を取り除いても変形したままになる性質を「塑性（可塑性）」といいます。	2	弾性	磁性	塑性	脆性	
q_115	バネに力を加えて伸ばすと、力を除いたときに元の形に戻ります。このような性質を何といいますか。	弾性	力を取り除いたときに元の形に戻ろうとする性質を「弾性」といいます。	0	弾性	塑性	粘性	慣性	
q_116	力の大きさの単位「N（ニュートン）」の由来となった科学者は、どこの国の人物ですか。	科学史	アイザック・ニュートンはイギリスの科学者です。	1	ドイツ	イギリス	フランス	アメリカ	
q_117	バネの伸びと、そこにはたらく力の大きさが比例するという法則を何といいますか。	フックの法則	イギリスの科学者フックが発見した比例の関係を「フックの法則」といいます。	0	フックの法則	慣性の法則	作用反作用の法則	質量保存の法則	
q_120	「0.5Nの力を加えると27mm伸びるバネ」があります。このバネに1.0Nの力を加えると伸びは何mmになると予想されますか。	比例の計算	フックの法則により伸びは力に比例します。力が2倍（0.5N→1.0N）なら、伸びも2倍の54mmになります。	1	27mm	54mm	81mm	108mm	
q_121	実験において、測定値が真の値からわずかにずれてしまうことを何といいますか。	誤差	目盛りの読み取りミスや器具の微調整の限界によって生じるずれを「誤差」といいます。	2	欠陥	失敗	誤差	残差	
q_122	実験における目盛りの読み取り誤差を小さくするために、有効な手段はどれですか。	誤差の軽減	くり返し測定を行い、その平均をとることで、1回ごとの偶発的な誤差の影響を小さくできます。	3	素早く測る	目盛りを斜めから見る	適当な値を選ぶ	くり返し測定して平均をとる	
q_123	バネの実験結果をグラフに表す際、横軸（x軸）には通常どの量をとりますか。	グラフの軸のきめ方	横軸には「変化させた量（おもりの数や力の大きさ）」をとるのが一般的です。	0	変化させた量	変化した結果の量	時間の経過	バネの色	
q_124	バネの実験結果をグラフに表す際、縦軸（y軸）には通常どの量をとりますか。	グラフの軸のきめ方	縦軸には「変化した結果（バネの伸びなど）」をとるのが一般的です。	1	変化させた量	変化した結果の量	バネの元の長さ	おもりの質量	
q_125	力を表す矢印を描くとき、矢印の「長さ」は何を表現していますか。	力の三要素	力の三要素の一つである「大きさ」を矢印の長さで表現します。	0	力の大きさ	力の向き	力の作用点	力の種類	
q_126	力を表す矢印において、矢印の「先端（向き）」は何を表現していますか。	力の三要素	矢印の向いている方向が、そのまま「力がはたらく向き」を表します。	1	力の大きさ	力の向き	力の作用点	力の始点	
q_127	力を表す矢印の「根元（始点）」は、何を表現していますか。	力の三要素	矢印を描き始める点は、力がはたらく地点である「作用点」を表します。	2	力の大きさ	力の向き	作用点	力の終点	
q_128	重力を矢印で作図する場合、矢印の始点（作用点）はどこに置きますか。	重力の作図	重力は物体全体にはたらきますが、便宜上、物体の「中心（重心）」を作用点として描きます。	2	物体の底面	物体の上面	物体の中心	物体の右側	
q_129	重量あげの選手がバーベルを頭上で静止させているとき、力のはたらきのうちどれが見られますか。	力のはたらき	重力で落ちようとするバーベルを支えて止めているため、「物体を支える」はたらきです。	2	物体を変形させる	物体の動きを変える	物体を支える	物体の性質を変える	
q_130	飛んできたボールをバットで打ち返したとき、力のはたらきのうちどれが見られますか。	力のはたらき	ボールの速さや飛ぶ向きが変わるため、「物体の動き（速さや向き）を変える」はたらきです。	1	物体を変形させる	物体の動きを変える	物体を支える	物体の体積を変える	
q_131	バネを引いたときに手が引っ張り返されるように感じるのは、バネの何という力がはたらいているからですか。	弾性力の作用	変形したバネが元の形に戻ろうとして生じる「弾性力」を、手が受けているからです。	1	重力	弾性力	摩擦力	垂直抗力	
q_132	プラスチックを熱してさまざまな形に成形できるのは、どのような性質を利用していますか。	塑性の応用	熱や力で変形させたあとに元に戻らない「塑性（可塑性）」という性質を利用しています。	2	弾性	磁性	塑性	電気性	
q_133	「同じ力を加えたときに伸びる長さが短いバネ」は、伸びる長さが長いバネよりもどうであるといえますか。	バネの強さ	同じ力で少ししか伸びないバネほど、弾性力が「強い（硬いバネ）」といえます。	0	強い	弱い	軽い	柔らかい	
q_134	フックの法則を数式 y = 2x（yは伸び、xは力の大きさ）で表したとき、力が5Nなら伸びは何cmですか。	数式の計算	式に代入して、y = 2 × 5 ＝ 10cmとなります。	2	5cm	7cm	10cm	15cm	
q_135	定規でバネの伸びを測るとき、何も吊るしていない状態の指標の位置に定規の「0cm」を合わせる作業を何といいますか。	0点合わせ	測定の基準を揃えるためのこの作業を「0点合わせ」といいます。	1	中心合わせ	0点合わせ	目盛り調整	垂直確認	
q_136	磁石や静電気による力の特徴として、正しい説明はどれですか。	離れてはたらく力	磁力や電気力（および重力）は、物体どうしが離れていてもはたらくという特徴があります。	0	離れていてもはたらく	接触しないとはたらかない	空気がないとはたらかない	光がないとはたらかない	
q_137	質量4.5kgの物体にかかる重力の大きさは何Nですか。100gを1Nとします。	計算問題	4.5kg＝4500g。100gが1Nなので、4500÷100＝45Nとなります。	2	4.5N	0.45N	45N	450N	
q_138	質量20gのおもりをつるすと1cm伸びるバネに、あるおもりをつるしたら8cm伸びました。おもりは何Nですか。100g＝1Nとします。	計算問題	8cm伸びるには20g×8＝160g分のおもりが必要です。これは1.6Nに相当します。	1	0.8N	1.6N	16N	80N	
q_139	5Nの力を加えると3cm伸びるバネに、2kgのおもりをつるしました。伸びは何cmになりますか。100g＝1Nとします。	計算問題	2kg＝20Nです。5Nで3cmなら、20N（4倍の力）では、伸びも4倍の12cmになります。	3	6cm	9cm	10cm	12cm	
q_140	地球上で重さ6Nの物体を、重力のはたらかない無重力空間に持っていきました。このときの「重さ」は何Nですか。	無重力の影響	重力がない場所では、物体を引く力が存在しないため、重さは0Nになります。	3	6N	1N	60N	0N	
q_141	力を加えたあと元に戻らない粘土のような性質を塑性といいますが、他にこの性質を有効に利用しているものはどれですか。	塑性の具体例	プラスチックは加熱加工で形を自由に変えられる塑性の性質を利用して多くの製品が作られます。	2	ゴムボール	鋼鉄のバネ	プラスチック容器	アーチェリーの弓	
q_142	100gの物体にはたらく重力を1Nとしたとき、3Nの重力がはたらいている物体の質量は何gですか。	単位換算の逆算	1Nが100gなので、3Nは300gになります。	2	30g	100g	300g	3000g	
q_143	力の大きさとバネの伸びが比例しているとき、そのグラフはどのような形状になりますか。	グラフの形状	比例関係にあるため、グラフは「原点（0,0）を通る直線」になります。	2	曲線	階段状の線	原点を通る直線	右下がりの直線	
q_144	実験で目盛りを正確に読み取るための正しい視線の向きはどれですか。	測定のスキル	目盛りに対して「正面（垂直）」から読み取るのが、視差による誤差を防ぐ正しい方法です。	2	斜め上から	斜め下から	正面（垂直）から	遠くから	
q_145	「0.1Nで5mm伸びるバネ」に1.0Nの重さをかけたとき、伸びは何mmになると予想されますか。	比例の計算	1.0Nは0.1Nの10倍なので、伸びも10倍の50mmになります。	1	5mm	50mm	10mm	100mm	
q_146	「0.1Nで38mm伸びるバネ」に0.3Nの重さをかけたとき、伸びは何mmになりますか。	比例の計算	0.3Nは0.1Nの3倍なので、伸びも3倍の114mm（38×3）になります。	2	38mm	76mm	114mm	152mm	
q_147	実験データによると、「バネ黄」は「バネ青」の約3倍近く伸びていました。ここからわかることは何ですか。	データの考察	バネ黄の方がバネ青よりも弾性力が「弱く、伸びやすい」ということがわかります。	1	バネ黄の方が強い	バネ黄の方が弱い	両方の強さは同じ	バネ黄の方が重い	
q_148	物体にはたらく重力の大きさ（重さ）について、正しい説明はどれですか。	重さの特徴	物体にはたらく重力の大きさは、物体の質量に比例して大きくなります。	0	質量に比例して大きくなる	質量に関わらず一定である	体積に比例する	形によって決まる	
q_149	グラフを描く際、バラついた点の間に直線を引く「近似曲線」を採用する理由は何ですか。	グラフの役割	測定には必ず「誤差」が含まれるため、個々の点ではなく全体的な傾向（平均）を見るためです。	1	見た目をきれいにするため	測定の誤差を平均化するため	必ず原点を通すため	線を引くのが楽だから	
q_150	力の大きさを表す単位は何ですか。	単位の名称	力の大きさ（重さなど）を表す単位はニュートン（記号：N）です。	3	グラム(g)	センチメートル(cm)	キログラム(kg)	ニュートン(N)	
q_151	磁石の同じ極（N極とN極など）を近づけたときに、互いにしりぞけ合う力を何といいますか。	磁石の力（磁力）	磁石の極どうしではたらく力は「磁力」です。同じ極どうしはしりぞけ合い、異なる極どうしは引き合います。	1	重力	磁石の力（磁力）	摩擦力	垂直抗力
q_152	プラスチックの下じきで髪の毛をこすったときに、髪の毛が引きつけられる力は何ですか。	電気の力（電気力）	静電気などによって生じる、物体どうしを引きつけたりしりぞけたりする力を「電気力」といいます。	1	磁力	電気の力（電気力）	弾性力	重力
q_153	自転車のブレーキをかけたときに、車輪の回転を止める向きにはたらく力は何ですか。	摩擦力	物体が接して動くときに、その動きを妨げる向きにはたらく力を「摩擦力」といいます。	2	弾性力	垂直抗力	摩擦力	遠心力
q_154	回転運動をしている物体が、中心から遠ざかろうとする向きに受ける力を何といいますか。	遠心力	振り回したバケツの水がこぼれない現象などは、外側に向かおうとする「遠心力」によるものです。	3	重力	摩擦力	磁力	遠心力
q_155	机の上に置かれたリンゴが静止しているとき、重力とつり合ってリンゴを支えている力は何ですか。	垂直抗力（抗力）	面が物体を垂直に押し返す力を「垂直抗力（抗力）」といい、これが重力を支えています。	1	弾性力	垂直抗力（抗力）	摩擦力	磁力
q_156	弓道の弓を引いたときに、弦が元の形に戻ろうとして矢を飛ばす力を何といいますか。	弾性力	変形した物体が元の形に戻ろうとする力を「弾性力」といい、弓やゴムなどで利用されます。	0	弾性力	重力	電気力	垂直抗力
q_157	粘土をこねて形を変えたあと、力を抜いても形が戻らない性質を何といいますか。	塑性（可塑性）	力を除いても変形したままになる性質を「塑性（可塑性）」といいます。粘土やプラスチックに見られます。	2	弾性	剛性	塑性（可塑性）	磁性
q_158	理科の計算で、質量100gの物体にはたらく重力の大きさはおよそ何Nとして扱いますか。	重さの単位換算	一般的に地球上では、100gの物体にはたらく重力の大きさを約1N（ニュートン）として計算します。	1	0.1N	1N	10N	100N
q_159	物体そのものの量であり、場所が変わっても変化しない分量を何といいますか。	質量	場所に関係なく不変な物体固有の量を「質量」といいます。単位はgやkgです。	1	重さ	質量	体積	密度
q_160	地球が物体を地球の中心に向かって引っ張る力の大きさのことを、一般に何といいますか。	重さ（重力）	地球が引く力の大きさを「重さ」といい、場所によって変化します。単位はNです。	0	重さ（重力）	質量	硬さ	圧力
q_161	力を矢印で表すときに必要な「力の三要素」の正しい組み合わせはどれですか。	力の三要素	力を表すには「大きさ」「向き」「作用点」の3つの要素をすべて示す必要があります。	0	大きさ・向き・作用点	重さ・長さ・始点	強さ・角度・中心点	質量・体積・密度
q_162	力を表す矢印において、力の「大きさ」はどのように表現しますか。	力の大きさの作図	作図において、矢印の長さが長いほど力が大きく、短いほど力が小さいことを表します。	2	矢印の太さ	矢印の色	矢印の長さ	矢印の始点
q_163	力を表す矢印において、矢印の「先端部分」は何を表現していますか。	力の向きの作図	矢印が向いている方向が、そのまま「力がはたらいている向き」を表します。	1	力の大きさ	力の向き	力の作用点	物体の質量
q_164	力を表す矢印において、矢印を描き始める点（始点）は何といいますか。	作用点	力がはたらく具体的な地点のことを「作用点」といいます。	2	支点	力点	作用点	重心
q_165	物体の重さを表す矢印を描くとき、作用点は物体のどこに置くのが一般的ですか。	重力の作用点	重力は物体全体にはたらきますが、便宜上、物体の「中心（重心）」を作用点として描きます。	2	底面	上面	中心（重心）	右端
q_166	バネにおもりを吊るしたとき、バネの伸びとおもりの重さが比例する関係を何の法則といいますか。	フックの法則	力の大きさが2倍になれば伸びも2倍になるという関係を「フックの法則」といいます。	0	フックの法則	慣性の法則	ニュートンの法則	パスカルの法則
q_167	測定において、目盛りの読み取りミスなどで測定値が真の値からわずかにずれることを何といいますか。	誤差	実験器具の調整や読み取りによって生じるわずかなずれを「誤差」といいます。	2	過失	失敗	誤差	欠損
q_168	メスシリンダーや定規の目盛りを正確に読み取るときの正しい視線の向きはどれですか。	測定のスキル	目盛りの正面（垂直）から読み取ることが、読み取りミス（誤差）を防ぐ基本です。	2	斜め上から	斜め下から	正面（垂直）から	遠くから
q_169	測定の誤差を小さくするために、一般的に行われる工夫はどれですか。	誤差の軽減	くり返し測定を行って、得られた値の「平均」をとることで誤差の影響を小さくできます。	3	1回だけ測る	目盛りの端を無視する	一番大きな値を選ぶ	くり返し測定して平均をとる
q_170	バネの伸びと力の関係をグラフにする際、横軸（x軸）には通常どのような量をとりますか。	グラフの軸　	横軸には「実験で変化させた量（力の大きさや、おもりの数）」をとるのが一般的です。	0	変化させた量（力）	変化した結果の量（伸び）	バネの重さ	測定した時間
q_171	バネの伸びと力の関係をグラフにする際、縦軸（y軸）には通常どのような量をとりますか。	グラフの軸　	縦軸には「実験の結果として変化した量（バネの伸び）」をとるのが一般的です。	1	変化させた量（力）	変化した結果の量（伸び）	バネの元の長さ	おもりの質量
q_172	フックの法則が成り立つバネのグラフは、原点（0,0）を通り、どのような形になりますか。	比例のグラフ形状	比例関係にあるため、グラフは「原点を通る直線」になります。	2	曲線	折れ線	原点を通る直線	水平な直線
q_173	グラフの各点が一直線上にきれいに並ばないとき、どのように直線を引くのが正しいですか。	グラフのスキル　	点の上下にバランスよく散らばるように、各点の中心付近を通る直線を引きます。	1	すべての点を結ぶ折れ線	点の上下に均等に通る直線	最も高い点を通る直線	原点を通らない曲線
q_174	「100gで1cm伸びるバネ」を直列（縦）に2つ繋ぎ、100gのおもりを吊るすと、全体の伸びは何cmですか。	バネの連結（直列）	直列の場合、両方のバネに100gの力がはたらくため、1cmずつ伸びて合計2cmになります。	1	1cm	2cm	0.5cm	4cm
q_175	「100gで1cm伸びるバネ」を並列（横）に2つ並べて100gのおもりを吊るすと、全体の伸びは何cmですか。	バネの連結（並列）	並列の場合、重さを2本で分担するため、1本あたり50gの力がかかり、0.5cm伸びます。	3	1cm	2cm	0.2cm	0.5cm
q_176	「100gで1cm伸びるバネ」を直列に3つ繋ぎ、100gのおもりを吊るしたときの全体の伸びは何cmですか。	バネの連結（直列）	それぞれのバネに100gの力がかかるため、1cm×3本で合計3cmの伸びとなります。	2	1cm	2cm	3cm	6cm
q_177	「100gで3cm伸びるバネ」を2本並列にして、100gのおもりを支えるとき、全体の伸びは何cmですか。	バネの連結（並列）	2本で100gを支えるので1本あたり50gの力になります。100gで3cmなら、50gでは1.5cmです。	1	3cm	1.5cm	0.5cm	6cm
q_178	実験で、「0.5Nで27mm伸びるバネ赤」と「0.5Nで85mm伸びるバネ青」を比較したとき、正しい記述はどれですか。	バネの強さの比較	同じ力で伸びが小さいバネ赤（27mm）の方が、バネ青（85mm）よりも弾性力が強いといえます。	0	バネ赤の方が強い	バネ青の方が強い	両方の強さは同じである	強さは重さで決まる
q_179	実験で、「0.5Nで85mm伸びるバネ青」と「0.5Nで240mm伸びるバネ黄」の比較からわかることはどれですか。	バネの性質の比較	バネ黄はバネ青に比べて約3倍（240/85≒2.8）近く伸びており、バネ青より弱く伸びやすいことがわかります。	1	バネ黄の方が強い	バネ黄の方が弱く伸びやすい	バネ青の方が弱い	どちらも強さは同じ
q_182	質量4.5kgの物体にはたらく重力の大きさは何Nですか。なお100gを1Nとして計算してください。	重さの計算　	4.5kgは4500gです。100gが1Nなので、4500÷100＝45Nとなります。	2	4.5N	0.45N	45N	450N
q_183	質量20gで1cm伸びるバネがあり、おもりを吊るしたら8cm伸びました。おもりの重さは何Nですか（100g=1N）。	フックの法則の計算	8cm伸びるには 20g × 8 = 160g 必要です。100gが1Nなので 160g は 1.6N になります。	1	0.8N	1.6N	16N	80N
q_184	5Nの力を加えると3cm伸びるバネがあります。このバネに2kgのおもりを吊るすと何cm伸びますか（100g=1N）。	フックの法則の計算	2kg＝20Nです。5Nで3cmなら、20N（4倍の力）では伸びも4倍の12cmとなります。	3	6cm	9cm	10cm	12cm
q_185	月面上での重力は地球上の約6分の1です。地球上で重さ6Nの物体を月面に持っていくと重さは約何Nになりますか。	月面での重さ　	重力加速度が6分の1になるため、重さも6分の1の「1N」になります。	0	1N	6N	0N	36N
q_186	重力がほとんどはたらかない無重力の宇宙空間では、物体の「重さ」は何Nになりますか。	無重力での重さ	重力がはたらかない場所では、物体にはたらく重力の大きさである「重さ」は0Nになります。	3	6N	1N	100N	0N
q_187	地球上で質量600gの物体を、無重力の宇宙空間に持っていったとき、その物体の「質量」は何gですか。	質量の不変性　	質量は場所によって変化しない物体固有の分量なので、宇宙空間でも「600g」のままです。	1	0g	600g	100g	60g
q_188	熱や力を加えると変形したまま元に戻らない「塑性」という性質を利用して作られる製品の例はどれですか。	塑性の応用例　	プラスチック製品などは、加熱加工などで形を自由に変えて固める塑性の性質を利用しています。	2	ゴムボール	弓道の弓	プラスチック容器	トランポリン
q_189	バネの伸びが力の大きさに比例することを発見した、イギリスの科学者の名前は何ですか。	科学者の名前　	比例の関係を発見したイギリスの科学者は「ロバート・フック」です。	2	ニュートン	アインシュタイン	フック	パスカル
q_190	力の大きさの単位「ニュートン（N）」の名前の由来となった、イギリスの科学者は誰ですか。	科学者の名前　	万有引力の法則などで知られるイギリスの科学者「アイザック・ニュートン」です。	0	ニュートン	フック	ガラニ	パスカル
q_191	バドミントンのラケットでシャトルを打ったとき、シャトルがわずかに変形するのは力のはたらきのうちどれですか。	力のはたらき　	物体に力を加えて形を変える「物体を変形させる」はたらきです。	0	物体を変形させる	物体の動きを変える	物体を支える	物体の質量を変える
q_192	サッカーボールを蹴って速さや向きを変えるのは、力のはたらきのうちどれに該当しますか。	力のはたらき　	物体の速さや運動の向きを変化させる「物体の動きを変える」はたらきです。	1	物体を変形させる	物体の動きを変える	物体を支える	物体の密度を変える
q_193	机の上に置いてある教科書が床に落ちずに止まっているとき、机は力のはたらきのうちどれをしていますか。	力のはたらき　	重力で落ちようとする物体に反対向きの力を加えて静止させる「物体を支える」はたらきです。	2	物体を変形させる	物体の動きを変える	物体を支える	物体の熱を奪う
q_194	「垂直抗力」を矢印で表すとき、その向きは接している面に対してどのようになりますか。	垂直抗力の向き	その名の通り、物体が接している面に対して「垂直（90度）」の向きにはたらきます。	2	平行	斜め	垂直	ランダム
q_195	「摩擦力」を矢印で表すとき、その向きは物体の動く向きに対してどのようになりますか。	摩擦力の向き　	摩擦力は常に物体の「動きを妨げる向き（動きとは反対の向き）」にはたらきます。	1	同じ向き	反対の向き	垂直な向き	真下の向き
q_196	「ニュートンばねばかり」や「台ばかり」の内部で、力の大きさを測るために使われている部品は何ですか。	計量器の仕組み	これらの計量器は、内部にある「バネ」の伸び縮みを利用して力の大きさを測っています。	3	磁石	空気の袋	モーター	バネ
q_197	バネの実験を始める前に、バネを吊るした状態の指標にものさしの「0cm」を合わせることを何といいますか。	0点合わせ　	伸びを正確に読み取るために、測定の基準を揃えることを「0点合わせ」といいます。	1	中心合わせ	0点合わせ	目盛り調整	水平合わせ
q_198	バネの実験のまとめとして、バネの伸びとおもりの重さにはどのような関係があるといえますか。	実験の結論　	力が2倍、3倍になると伸びも2倍、3倍になるため「比例している」といえます。	0	比例している	反比例している	無関係である	二次関数的である
q_199	バネの伸び $y$ と力の大きさ $x$ の関係が $y = 2x$ で表されるとき、力が 5N のときの伸びは何cmですか。	比例の計算（式）	式に代入して $y = 2 \times 5$ なので、答えは 10cm になります。	2	5cm	7cm	10cm	15cm
bq_001	めしべの先端にある、花粉がつきやすい部分を何といいますか。	柱頭	めしべの先端を柱頭といい、ねばりけがあって花粉がつきやすくなっています。	0	柱頭	子房	胚珠	やく
bq_002	めしべの根元のふくらんだ部分を子房といい、その中にある将来種子になる粒を何といいますか。	胚珠	子房の中には胚珠があり、受粉して成長すると種子になります。	1	花粉のう	胚珠	胞子のう	やく
bq_003	胚珠が子房の中に包まれている植物の仲間を何といいますか。	被子植物	アブラナやツツジのように、胚珠が子房に包まれている植物を被子植物といいます。	2	裸子植物	シダ植物	被子植物	コケ植物
bq_004	マツのように、子房がなく、胚珠がむき出しになっている植物を何といいますか。	裸子植物	胚珠がむき出し（裸の状態）であることから裸子植物と呼ばれます。	3	単子葉類	合弁花類	被子植物	裸子植物
bq_005	マツの花の特徴について、正しい記述はどれですか。	花弁（花びら）やがくがない	マツの花には花弁やがくがなく、りん片が多数集まった形をしています。	0	花弁やがくがない	めしべに大きな子房がある	虫によって花粉が運ばれる	1つの花におしべとめしべがある
bq_006	マツの花粉には2つの「空気袋」がついています。これにはどのような利点がありますか。	風に運ばれやすくなる	マツは風によって花粉を運ぶ風媒花であるため、空気袋で軽くなって遠くまで飛びます。	1	水に浮きやすくなる	風に運ばれやすくなる	虫がつきやすくなる	乾燥から身を守る
bq_007	受粉した後、めしべの「子房」は成長して何になりますか。	果実	受粉すると、子房は果実へ、その中の胚珠は種子へと変化します。	2	種子	花粉	果実	りん片
bq_008	受粉した後、子房の中にある「胚珠」は成長して何になりますか。	種子	胚珠は受粉後に成長して種子になり、次の世代の植物になります。	3	胞子	果実	仮根	種子
bq_009	アサガオやツツジのように、花弁（花びら）が1つにくっついている花を何といいますか。	合弁花	花弁が互いにくっついているものを合弁花、1枚ずつ離れているものを離弁花といいます。	0	合弁花	離弁花	単子葉類	裸子植物
bq_010	アブラナやサクラのように、花弁が1枚ずつ離れている花を何といいますか。	離弁花	花弁が1枚1枚独立してついている花を離弁花といいます。	1	合弁花	離弁花	双子葉類	シダ植物
bq_011	タンポポの花を詳しく観察したときの特徴として正しいものはどれですか。	小さな花が集まって1つの花のように見える	タンポポは小さな「合弁花」がたくさん集まって、1つの大きな花を形成しています。	2	大きな1枚の花弁でできている	花弁が1枚ずつ離れている離弁花である	小さな花が集まって1つの花のように見える	おしべとめしべが存在しない
bq_012	マツの種子には何がついているため、風に乗って遠くまで運ばれることができますか。	はね（翼）	マツの種子には薄い「はね」がついており、風で散布されるのに適しています。	3	空気袋	粘着液	鋭いトゲ	はね（翼）
bq_013	双子葉類の葉に見られる、網の目のような形をした葉脈を何といいますか。	網状脈	アブラナなどの双子葉類に見られる網目状の葉脈を網状脈といいます。	0	網状脈	平行脈	維管束	師管
bq_014	トウモロコシやツユクサの葉に見られる、平行に並んだ葉脈を何といいますか。	平行脈	単子葉類に見られる、すじが平行に通った葉脈を平行脈といいます。	1	網状脈	平行脈	形成層	主根
bq_015	植物の葉の表面にあり、蒸散や気体の出入りに関わる小さな穴を何といいますか。	気孔	三日月形の孔辺細胞に囲まれた隙間を気孔といい、酸素、二酸化炭素、水蒸気が通ります。	2	根毛	道管	気孔	師管
bq_016	ハスのように水面に浮かぶ葉を持つ植物では、気孔は主にどこにありますか。	葉の表側に多い	多くの陸上植物は裏側に多いですが、ハスなどは水に接していない表側に気孔があります。	3	葉の裏側に多い	茎の節にある	根の先端にある	葉の表側に多い
bq_017	多くの植物で気孔が葉の裏側に多い理由として、最も適切なものはどれですか。	日光による温度上昇や水の失いすぎを防ぐため	表側は日光が当たり温度が上がりやすいため、裏側に配置して水分の蒸散を調整しています。	0	日光による温度上昇や水の失いすぎを防ぐため	雨水を吸収しやすくするため	虫に食べられないようにするため	光合成をより多く行うため
bq_018	光が十分に当たっているとき、植物の気体の出入りはどうなっていますか。	二酸化炭素を吸収し、酸素を出す	光があるときは呼吸より光合成が盛んなため、全体として二酸化炭素を取り込み酸素を出します。	1	酸素を吸収し、二酸化炭素を出す	二酸化炭素を吸収し、酸素を出す	気体の出入りは止まる	水蒸気のみを吸収する
bq_019	トマトの茎などに見られる白い毛「トライコーム」の役割として間違っているものはどれですか。	光合成を盛んにする	トライコームは紫外線の防止、害虫防止、貯水などの役割がありますが、光合成は行いません。	2	害虫から身を守る	水分の蒸発を防ぐ	光合成を盛んにする	紫外線を防ぐ
bq_020	茎の維管束の中で、根から吸い上げた水や肥料分が通る管を何といいますか。	道管	水が通る「道」であることから道管と覚えると分かりやすいです。	3	師管	形成層	根毛	道管
bq_021	茎の維管束の中で、葉で作られた養分が通る管を何といいますか。	師管	光合成で作られたデンプンなどの養分（が変化したもの）が通る管です。	0	師管	道管	気孔	主根
bq_022	双子葉類の茎における維管束の並び方はどのようになっていますか。	輪の形に並んでいる	双子葉類（ヒマワリなど）は維管束が輪のように整列しています。単子葉類はバラバラです。	1	バラバラに散らばっている	輪の形に並んでいる	中心に1本だけ通っている	表面に気孔として並んでいる
bq_023	植物が茎の維管束（鉄骨の役割）を外側に配置する構造的なメリットは何ですか。	曲がる力に対して強くなる	骨組みが外側にあることで、風などで曲げられる力に対して折れにくくなります。	2	水を蒸発させやすくする	養分を早く運べるようになる	曲がる力に対して強くなる	光を吸収しやすくする
bq_024	双子葉類の根で、中央にある太い根と、そこから分かれた細い根をそれぞれ何といいますか。	主根と側根	太いメインの根が「主根」、横から出るのが「側根」です。	3	ひげ根と仮根	主根とひげ根	側根と根毛	主根と側根
bq_025	単子葉類に見られる、多数の細い根が広がる根のつくりを何といいますか。	ひげ根	トウモロコシやスズメノカタビラなどに見られ、地面を広くつかむのに適しています。	0	ひげ根	主根	仮根	直根
bq_026	根の先端近くにある小さな毛のようなものを何といいますか。	根毛	根毛があることで根の表面積が広がり、水や養分を効率よく吸収できます。	1	側根	根毛	トライコーム	ひげ根
bq_027	種子をつくらず、胞子で増える植物のグループを3つ挙げると何ですか。	シダ植物・コケ植物・藻類	これらは種子ではなく胞子（一部は分裂）によって仲間を増やします。	2	被子植物・裸子植物・藻類	単子葉類・双子葉類・シダ植物	シダ植物・コケ植物・藻類	合弁花類・離弁花類・コケ植物
bq_028	イヌワラビなどのシダ植物の特徴として正しい記述はどれですか。	根・茎・葉の区別がある	シダ植物はコケ植物と違い、維管束があり、根・茎・葉がはっきり区別できます。	3	根・茎・葉の区別がない	種子をつくって増える	主に乾燥した砂漠に生えている	根・茎・葉の区別がある
bq_029	ゼニゴケなどのコケ植物の特徴として正しい記述はどれですか。	根・茎・葉の区別がない	コケ植物は体全体から水分を吸収し、根・茎・葉の区別がありません。	0	根・茎・葉の区別がない	維管束が発達している	花を咲かせて受粉する	主根と側根をもつ
bq_030	コケ植物や藻類にある、体を地面や岩に固定するための根のようなつくりを何といいますか。	仮根	本当の根のように水を吸い上げる機能はなく、固定するのが主な役割です。	1	主根	仮根	根毛	側根
bq_031	シダ植物の胞子は、葉のどの部分につくことが多いですか。	葉の裏側	多くのシダ植物では、葉の裏側に「胞子のう」が集まったものがつきます。	2	花の先端	茎の節	葉の裏側	根の表面
bq_032	ワカメやコンブなどの藻類について正しい記述はどれですか。	葉緑体をもち光合成を行う	藻類は植物の仲間であり、光合成によって自ら養分をつくり出します。	3	種子をつくって増える	根・茎・葉の区別がはっきりしている	水中では呼吸を行わない	葉緑体をもち光合成を行う
bq_033	タンポポやオオバコのように、茎を伸ばさず葉を地面に広げる形を何といいますか。	ロゼット	バラの花（rose）のように葉が広がることからロゼットと呼ばれます。	0	ロゼット	平行脈	維管束	仮根
bq_034	植物がロゼットの形をとる利点として、適切なものはどれですか。	地面に近い温かい空気の中で冬を越せる	風の影響を受けにくく、地面の熱を利用して寒さをしのぐことができます。	1	背を高くして日光を独占する	地面に近い温かい空気の中で冬を越せる	種子を遠くまで飛ばせるようになる	水中で生活しやすくなる
bq_035	背骨がある動物をまとめて何といいますか。	脊椎動物	魚類、両生類、爬虫類、鳥類、哺乳類がここに含まれます。	2	無脊椎動物	節足動物	脊椎動物	軟体動物
bq_036	魚類の特徴として正しい組み合わせはどれですか。	えら呼吸・うろこがある・卵生	魚類は一生を水中で過ごし、えらで呼吸し、多くは体表がうろこで覆われています。	3	肺呼吸・体毛がある・胎生	えら呼吸・湿った皮膚・卵生	肺呼吸・羽毛がある・卵生	えら呼吸・うろこがある・卵生
bq_037	カエルやイモリなどの両生類の子（幼生）の呼吸方法はどれですか。	えらと皮膚	子は水中で生活するため、魚と同じようにえらで呼吸します（皮膚呼吸も併用）。	0	えらと皮膚	肺のみ	気門	肺と皮膚
bq_038	爬虫類（トカゲやヘビ）が陸上で卵を産む際、卵に「殻」があるのはなぜですか。	乾燥から卵を守るため	陸上の乾燥した環境でも、中の水分が失われないように殻が発達しています。	1	親が温めやすくするため	乾燥から卵を守るため	外敵に見つかりにくくするため	水に浮きやすくするため
bq_039	鳥類の特徴として、他のグループにはないものはどれですか。	体表が羽毛でおおわれている	羽毛は体温を保ち、空を飛ぶための翼を形成する重要な特徴です。	2	肺で呼吸する	卵生である	体表が羽毛でおおわれている	恒温動物である
bq_040	ヒトやイヌなどの哺乳類において、子が親の体内で育ってから生まれる仕組みを何といいますか。	胎生	母体内で酸素や養分をもらって育つため、生存率が高くなります。	3	卵生	変態	回帰	胎生
bq_041	周囲の温度が変化しても、体温がほぼ一定に保たれる動物を何といいますか。	恒温動物	鳥類と哺乳類が恒温動物です。寒い場所でも活動を維持できます。	0	恒温動物	変温動物	冷血動物	軟体動物
bq_042	魚類、両生類、爬虫類のように、周囲の温度とともに体温が変わる動物を何といいますか。	変温動物	これらは寒い時期には活動が鈍くなり、冬眠するものもいます。	1	恒温動物	変温動物	草食動物	胎生動物
bq_043	シマウマのような草食動物で、草をすりつぶすためによく発達している歯は何ですか。	臼歯	奥にある平らな「臼歯（きゅうし）」で、硬い植物の繊維をすりつぶします。	2	門歯	犬歯	臼歯	牙
bq_044	ライオンのような肉食動物で、獲物を捕らえたり肉を引き裂いたりする歯は何ですか。	犬歯	鋭く尖った「犬歯（けんし）」が発達しています。	3	門歯	臼歯	前歯	犬歯
bq_045	草食動物の目は、顔のどのようについていますか。	横向きにつき、広い範囲を見渡せる	敵（肉食動物）をいち早く見つけるために、広い視野を確保しています。	0	横向きにつき、広い範囲を見渡せる	前向きにつき、距離を測れる	上向きにつき、空を警戒できる	退化してほとんど見えない
bq_046	肉食動物の目は、顔の前面についています。これにはどのような利点がありますか。	獲物との距離を立体的に測れる	両方の目で見える範囲が重なるため、立体的に獲物との距離を正確に把握できます。	1	広い範囲を見渡せる	獲物との距離を立体的に測れる	夜でも色が鮮やかに見える	水中の獲物を見つけやすくなる
bq_047	背骨を持たない動物をまとめて何といいますか。	無脊椎動物	節足動物、軟体動物、その他多くの動物が含まれます。	2	脊椎動物	哺乳類	無脊椎動物	甲殻類
bq_048	昆虫やエビなどの節足動物にある、体を覆う硬い殻を何といいますか。	外骨格	筋肉が内側についており、体を支え、内部を保護する役割があります。	3	内骨格	外套膜	貝殻	外骨格
bq_049	昆虫の体は、大きく分けてどの3つの部分に分かれていますか。	頭部・胸部・腹部	足（3対）や羽は、真ん中の「胸部」から出ています。	0	頭部・胸部・腹部	頭部・腹部・尾部	頭胸部・腹部	殻・肉部・足
bq_050	アサリやイカなどの軟体動物で、内臓を包んでいる膜を何といいますか。	外套膜	この膜（がいとうまく）から成分を出して、貝殻を作るものもいます。	1	外骨格	外套膜	横隔膜	皮膚
bq_051	顕微鏡で「10倍」の接眼レンズと「40倍」の対物レンズを組み合わせて観察したとき、全体の倍率は何倍になりますか。	400倍	顕微鏡の倍率は（接眼レンズの倍率）×（対物レンズの倍率）で計算します。10×40＝400倍です。	2	40倍	50倍	400倍	1040倍
bq_052	顕微鏡にレンズを取り付ける際、ほこりが入るのを防ぐために先に取り付けるべきなのはどちらのレンズですか。	接眼レンズ	鏡筒の中にほこりが入るのを防ぐため、先に上部の接眼レンズを取り付けます。	0	接眼レンズ	対物レンズ	どちらでもよい	倍率の高い方のレンズ
bq_053	顕微鏡でプレパラートを作成する際、カバーガラスをかけるときに最も注意すべき点は何ですか。	空気が入らないようにする	気泡（空気の泡）が入ると観察の邪魔になるため、端からゆっくりと倒して空気を追い出します。	1	指紋をつける	空気が入らないようにする	水をたっぷりとはみ出させる	わざと気泡を入れる
bq_054	生物をスケッチする際、正しい描き方は次のうちどれですか。	影をつけず、細い線ではっきりと描く	スケッチは見たままの形を正確に伝えるため、影（塗りつぶし）をつけず、重ならない細い線で描きます。	2	影をつけて立体感を出す	太いマジックで力強く描く	影をつけず、細い線ではっきりと描く	背景の景色も一緒に描く
bq_055	ルーペで観察する際、観察する対象物が地面の植物のように「動かせないもの」である場合はどうすればよいですか。	ルーペを目の近くに固定し、自分が前後してピントを合わせる	動かせない物の場合は、ルーペを目に近づけて固定したまま、自分の体を前後に動かしてピントが合う位置を探します。	0	ルーペを目の近くに固定し、自分が前後してピントを合わせる	ルーペを対象物に近づけたり遠ざけたりする	ルーペを大きく振る	太陽の光を直接ルーペで集める
bq_056	池の水に住む微生物の中で、緑色をしていて活発に動くが、ミカヅキモのようにじっとしていない生物はどれですか。	ミドリムシ	ミドリムシは葉緑体をもち光合成をしますが、べん毛を使って活発に泳ぎ回ることができます。	1	アメーバ	ミドリムシ	ゾウリムシ	アオミドロ
bq_057	池の水に住む微生物の中で、体の一部をのびちぢみさせて、形を変化させながら移動する生物はどれですか。	アメーバ	アメーバは決まった形をもたず、細胞の一部を突き出すようにしてゆっくりと移動します。	2	クンショウモ	ツリガネムシ	アメーバ	ハネケイソウ
bq_058	植物の葉に見られる「気孔」について、ハスのように水面に浮かぶ葉を持つ植物の特徴はどれですか。	葉の表側に気孔が多い	多くの陸上植物は裏側に多いですが、裏面が水に接しているハスなどは、表側に気孔が集中しています。	3	気孔が全くない	葉の裏側にだけ気孔がある	茎に気孔がある	葉の表側に気孔が多い
bq_059	多くの陸上植物で、葉の裏側に気孔が多い理由として適切なものはどれですか。	直射日光による温度上昇や水の失いすぎを防ぐため	気孔が表側にあると日光で温度が上がりやすく、水分が過剰に失われてしまうため、裏側に多く配置されています。	0	直射日光による温度上昇や水の失いすぎを防ぐため	雨水を効率よく取り込むため	酸素を地面から吸収するため	虫に気孔を塞がれないようにするため
bq_060	植物の気孔の分布について、ツバキの特徴として正しいものはどれですか。	葉の裏側に集中している	ツバキなどの樹木は、気孔が葉の裏側に非常に多く、表側にはほとんど見られません。	1	葉の両面に均等にある	葉の裏側に集中している	葉の表側にだけある	茎の先端にだけある
bq_061	トウモロコシの葉の気孔の分布について、他の植物と比較したときの特徴はどれですか。	表と裏の気孔の数に大きな差がない	トウモロコシなどの単子葉類の一部は、葉の両面に比較的均等に気孔が分布しています。	2	裏側にだけある	表側にだけある	表と裏の気孔の数に大きな差がない	気孔が全くない
bq_062	水中の植物（オオカナダモなど）に強い光を当てたとき、放出される気体の泡の数はどうなりますか。	光が強いほど、泡の数は増える	光が強いほど光合成が盛んに行われるため、放出される酸素の量が増え、気泡の数も多くなります。	3	泡の数は減る	光の強さに関わらず一定である	泡は全く出なくなる	光が強いほど、泡の数は増える
bq_063	植物の光合成における「光の強さ」と「気泡の数」の関係について、正しい記述はどれですか。	非常に強い光を当てても、泡の増え方には限度がある	光合成の速度は光を強くするほど上がりますが、一定以上の強さになるとそれ以上は増えなくなります。	0	非常に強い光を当てても、泡の増え方には限度がある	光を強くすればするほど無限に増え続ける	暗い場所でも泡の数は変わらない	泡の数は温度だけで決まる
bq_064	茎にある「維管束」には、水や養分を運ぶ役割のほかにどのような役割がありますか。	植物の体を支える「鉄骨」のような役割	維管束は硬いつくりをしており、植物が自立して伸びるための支柱（鉄骨）の役割も果たしています。	1	日光を吸収する役割	植物の体を支える「鉄骨」のような役割	呼吸を行う役割	花粉を作る役割
bq_065	ヒマワリやサクラなどの双子葉類の茎において、維管束はどのように並んでいますか。	茎の縁（外側）に沿って輪のように並んでいる	双子葉類は維管束が整然と輪の形に並んでいるのが特徴です。	2	中心に1カ所に集まっている	全体にバラバラに散らばっている	茎の縁（外側）に沿って輪のように並んでいる	葉の表面にだけ並んでいる
bq_066	トウモロコシやイネなどの単子葉類の茎において、維管束はどのように並んでいますか。	茎の中にバラバラに散らばっている	単子葉類は双子葉類と異なり、維管束が全体に散在（バラバラに存在）しています。	3	輪のように並んでいる	中心に1本だけ通っている	全く存在しない	茎の中にバラバラに散らばっている
bq_067	茎の維管束（骨組み）が外側に配置されていることによる構造的な強みは何ですか。	風などで曲げようとする力に対して折れにくくなる	外側に骨組みがあることで、外部からの曲げる力に対して耐性が強くなり、効率よく体を支えられます。	0	風などで曲げようとする力に対して折れにくくなる	光合成の効率が上がる	水分が蒸発しにくくなる	虫が登りにくくなる
bq_068	竹（タケ）やイネの茎が、しなやかに曲がっても折れにくい理由として適切なものはどれですか。	中が空洞で節があり、力を逃がしやすい構造だから	中空のストロー状の構造に節があることで、柔軟に曲がりながらも折れにくい強靭さをもっています。	1	全体が岩のように硬いから	中が空洞で節があり、力を逃がしやすい構造だから	維管束が中心に集まっているから	葉が細長いから
bq_069	タンポポやオオバコのように、葉を地面に平らに広げる「ロゼット」の形をとる植物は、どのような時期にこの形が目立ちますか。	冬の寒い時期	冬の間、低い姿勢で地面の熱を利用し、風を避けて過ごすためにロゼットの形をとります。	2	夏の暑い時期	花が満開の時期	冬の寒い時期	種子が飛んでいる時期
bq_070	植物がロゼット（地面に広がる形）になるメリットとして、間違っているものはどれですか。	背を高くして他の植物より先に日光を浴びる	ロゼットは背が低いため、日光を奪い合う競争には向きませんが、寒さや風に耐えるのには有利です。	3	風の影響を受けにくい	地面の熱で比較的暖かく過ごせる	他の植物が根を下ろしにくくなる	背を高くして他の植物より先に日光を浴びる
bq_071	ロゼット型の植物が、春になって他の植物が芽を出す前に成長できる理由は何ですか。	冬の間も葉を広げて準備しており、いち早く日光を受けられるから	冬を葉の状態で越すため、春の早い段階でスタートダッシュを切ることができ、日光を確保できます。	0	冬の間も葉を広げて準備しており、いち早く日光を受けられるから	根から直接日光を吸収するから	春になると突然変異するから	花を咲かせないから
bq_072	私たちが普段食べている「ダイコン」や「ニンジン」は、植物のどの部分にあたりますか。	根	ダイコンやニンジンは、根に養分を蓄えて太くなった部分を食べています。	1	茎	根	葉	果実
bq_073	私たちが普段食べている「サツマイモ」は、植物のどの部分にあたりますか。	根	サツマイモは根が太くなったものです。一方、ジャガイモは地下の茎（地下茎）です。	2	果実	葉	根	花弁
bq_074	私たちが普段食べている「アスパラガス」や「セロリ」は、植物のどの部分にあたりますか。	茎	これらは主に地上に伸びた茎の部分を食べています。	3	根	花	葉	茎
bq_075	私たちが普段食べている「レンコン」や「ジャガイモ」は、植物のどの部分にあたりますか。	茎（地下茎）	これらは土の中にありますが、根ではなく、茎が変化して養分を蓄えたものです。	0	茎（地下茎）	根	果実	種子
bq_076	私たちが普段食べている「キャベツ」や「レタス」、「ホウレンソウ」は、植物のどの部分ですか。	葉	これらは光合成を行うための葉が重なったり成長したりした部分を食べています。	1	根	葉	茎	果実
bq_077	トマトの茎や葉にある白い毛「トライコーム」の役割として正しいものはどれですか。	紫外線の防止や害虫からの防御	トライコームには強い光（紫外線）から身を守ったり、虫がつくのを防いだりする役割があります。	2	光合成を助ける	根の代わりに水を吸う	紫外線の防止や害虫からの防御	種子を遠くへ飛ばす
bq_078	砂漠に住む「ストーンプラント（リトープス）」が、石のような見た目で葉が肉厚な理由は何ですか。	乾燥に耐え、体内に水分を蓄えるため	過酷な乾燥地帯で生き残るため、蒸散を抑え、体内に最大限の水を蓄えられる形になっています。	3	日光をたくさん浴びるため	敵を攻撃するため	砂を吸収するため	乾燥に耐え、体内に水分を蓄えるため
bq_079	多くの植物が、葉を重ならないように少しずつずらして（入れ違いに）つける理由は何ですか。	下の葉にも日光が当たるようにするため	葉が重なると下の葉に光が届かず光合成ができなくなるため、効率よく光を受ける工夫です。	0	下の葉にも日光が当たるようにするため	風を完全に遮断するため	虫が移動しやすくするため	重くして茎を安定させるため
bq_080	気温が非常に高く日差しが強すぎる日、一部の植物が葉を少し重ねることがあります。これは何のためですか。	葉の温度上昇を防ぎ、水の失いすぎ（乾燥）を防ぐため	強すぎる光によるダメージや、過剰な蒸散を防ぐために、あえて影を作って身を守ることがあります。	1	光合成を2倍にするため	葉の温度上昇を防ぎ、水の失いすぎ（乾燥）を防ぐため	二酸化炭素を閉じ込めるため	花を早く咲かせるため
bq_081	スウェーデンの博物学者で、生物を特徴ごとに整理して分類体系を築き、「分類学の父」と呼ばれるのは誰ですか。	リンネ	リンネは18世紀に活躍し、現代の生物分類の基礎を作った人物です。	2	ダーウィン	メンデル	リンネ	ニュートン
bq_082	リンネの功績をたたえ、彼の肖像画や生物のスケッチが描かれているのはどこの国の紙幣ですか。	スウェーデン	リンネの母国であるスウェーデンの紙幣（旧100クローナ紙幣など）には、彼の肖像が描かれていました。	3	日本	アメリカ	イギリス	スウェーデン
bq_083	イルカは水中で生活していますが、哺乳類であるため肺で呼吸をします。その呼吸のための「鼻（噴気孔）」はどこにありますか。	頭の真上	イルカは泳ぎながら効率よく呼吸するため、頭のてっぺんに鼻の穴があります。	0	頭の真上	口のすぐ横	おなかの近く	尾びれの付け根
bq_084	イルカやクジラが魚類ではなく哺乳類に分類される理由として、正しい組み合わせはどれですか。	肺で呼吸し、胎生で子が生まれる	これらは一生を水中で過ごしますが、肺呼吸を行い、母体内で育ててから産む（胎生）哺乳類です。	1	えらで呼吸し、卵を産む	肺で呼吸し、胎生で子が生まれる	皮膚で呼吸し、変温動物である	羽毛をもち、恒温動物である
bq_085	サンショウウオやイモリは、脊椎動物のどのグループに分類されますか。	両生類	これらは幼生（子）のときはえら呼吸、成体（親）になると主に肺と皮膚で呼吸する両生類です。	2	魚類	爬虫類	両生類	哺乳類
bq_086	爬虫類（トカゲ、ヘビ、カメなど）の体の表面はどのようになっていますか。	乾燥に強い「うろこ」や「板」でおおわれている	陸上での生活に適応し、体内の水分が失われないよう硬いうろこなどで覆われています。	3	湿った皮膚のみ	羽毛でおおわれている	体毛でおおわれている	乾燥に強い「うろこ」や「板」でおおわれている
bq_087	鳥類と哺乳類に共通する、体温に関する特徴は何ですか。	周囲の温度に関わらず、体温が一定の恒温動物である	この2グループは恒温動物であり、寒い環境でも活発に活動を続けることができます。	0	周囲の温度に関わらず、体温が一定の恒温動物である	周囲の温度に合わせて体温が変わる変温動物である	体温が氷点下になる	日光に当たらないと体温が上がらない
bq_088	爬虫類が陸上の土の中に産む卵には、どのような特徴がありますか。	乾燥を防ぐための「殻」がある	両生類の卵（殻がない）と違い、陸上の乾燥に耐えられるよう殻をもっています。	1	殻がなくゼリー状である	乾燥を防ぐための「殻」がある	親の体内で孵化するまで産まない	水がないとすぐに腐ってしまう
bq_089	魚類（フナやタイなど）が産む卵の特徴として正しいものはどれですか。	水中に産み、多くは殻がない	魚類の卵は水中に産み出され、殻をもたず、一度に大量に産まれることが多いです。	2	陸上の砂に産む	硬い殻で守られている	水中に産み、多くは殻がない	親が体内で育てる（胎生）
bq_090	脊椎動物（背骨がある動物）と無脊椎動物（背骨がない動物）では、地球上の全動物の種類数はどちらが多いですか。	無脊椎動物の方が圧倒的に多い	全動物種の95%以上が無脊椎動物（昆虫や軟体動物など）であると言われています。	3	どちらも同じくらいである	脊椎動物の方が多い	脊椎動物の方が少しだけ多い	無脊椎動物の方が圧倒的に多い
bq_091	軟体動物であるイカが、呼吸をするために使っている器官は何ですか。	えら	イカやタコ、アサリなどは、外套膜の中に「えら」をもっており、水中の酸素を取り込みます。	0	えら	肺	気門	皮膚
bq_092	イカが敵から逃げる際や移動する際、外套膜の中の水を勢いよく噴き出す出口を何といいますか。	ろうと	外套膜に溜めた水を「ろうと」から噴射することで、その反動を利用して素早く移動します。	1	足	ろうと	口	えら
bq_093	軟体動物（アサリ、マイマイ、イカなど）に共通する特徴として正しいものはどれですか。	体が柔らかく、節がなく、内臓が外套膜に包まれている	これらは筋肉でできた「あし」をもち、内臓が外套膜という膜に包まれているのが特徴です。	2	体が多くの節に分かれている	硬い外骨格をもっている	体が柔らかく、節がなく、内臓が外套膜に包まれている	背骨があり内呼吸を行う
bq_094	昆虫の体（頭部・胸部・腹部）のうち、足や羽がついているのはどの部分ですか。	胸部	昆虫の3対（6本）の足と羽は、すべて「胸部」から出ています。	3	頭部	腹部	尾部	胸部
bq_095	ムカデやヤスデは、動物の分類上どのグループに含まれますか。	節足動物	これらは体に多くの節があり、足にも節がある「節足動物」の仲間です。	0	節足動物	軟体動物	脊椎動物	両生類
bq_096	クモの足は何本（何対）ありますか。また、昆虫との違いは何ですか。	8本（4対）あり、昆虫より1対多い	昆虫の足は6本（3対）ですが、クモの足は8本（4対）あります。	1	6本（3対）で昆虫と同じ	8本（4対）あり、昆虫より1対多い	10本（5対）でエビと同じ	足はなく、筋肉で移動する
bq_097	節足動物（昆虫、甲殻類など）が成長する際、古くなった外側の殻を脱ぎ捨てることを何といいますか。	脱皮	外骨格は成長しないため、中身が大きくなると「脱皮」をして新しい殻に作り変えます。	2	変態	孵化	脱皮	羽化
bq_098	エビやカニなどの「甲殻類」の体のつくりは、主にどの2つの部分に分かれていますか。	頭胸部と腹部	甲殻類は、頭と胸が合体した「頭胸部」と、後ろ側の「腹部」に分かれています。	3	頭部と胸部	胸部と腹部	頭部と腹部	頭胸部と腹部
bq_099	藻類（ワカメ、コンブ、アオノリなど）の特徴として正しいものはどれですか。	水中で生活し、光合成を行い、胞子で増える	藻類は植物の仲間で、水中（海や淡水）で光を浴びて養分を作ります。	0	水中で生活し、光合成を行い、胞子で増える	陸上で生活し、種子で増える	根・茎・葉の区別がはっきりしている	花を咲かせて受粉する
bq_100	イヌワラビなどのシダ植物が仲間を増やすための「胞子のう」は、通常どこにありますか。	葉の裏側	シダ植物の葉を裏返すと、胞子が入った袋（胞子のう）が集まっているのが観察できます。	1	根の先端	葉の裏側	花の中	茎の節
bq_101	顕微鏡で観察する際、視野を明るくするために調節する鏡の部分を何といいますか。	反射鏡としぼり	反射鏡で光を反射させ、しぼりで光の量を調節して視野の明るさを整えます。	0	反射鏡としぼり	対物レンズと接眼レンズ	調節ねじと回転盤	鏡筒とステージ
bq_102	顕微鏡で倍率を上げたとき、視野の広さと明るさはそれぞれどうなりますか。	視野は狭くなり、暗くなる	高倍率にすると見える範囲（視野）は狭くなり、取り込める光の量も減るため暗くなります。	1	視野は広くなり、明るくなる	視野は狭くなり、暗くなる	視野は狭くなるが、明るくなる	視野は広くなるが、暗くなる
bq_103	顕微鏡の視野の中で、対象物が「右上」にずれているとき、中央に移動させるにはプレパラートをどの方向に動かせばよいですか。	右上	顕微鏡で見える像は上下左右が逆になっているため、見えている方向に動かすと中央に寄ります。	2	左下	左上	右上	右下
bq_104	植物が光合成を行う場所である、細胞の中にある緑色の小さな粒を何といいますか。	葉緑体	葉緑体にはクロロフィルという色素が含まれており、ここで光エネルギーを吸収して光合成を行います。	3	気孔	道管	師管	葉緑体
bq_105	植物が光合成を行うために必要な、気孔から取り入れる気体は何ですか。	二酸化炭素	植物は光を浴びて、二酸化炭素と水からデンプンなどの養分をつくり出します。	0	二酸化炭素	酸素	窒素	水素
bq_106	光合成の結果としてつくられ、植物の体内に蓄えられる養分は何ですか。	デンプン	光合成でできた糖はデンプンに変えられ、一時的に葉に蓄えられた後、全身へ運ばれます。	1	タンパク質	デンプン	脂肪	ビタミン
bq_107	植物にヨウ素液をかけたとき、青紫色に変化する物質は何ですか。	デンプン	ヨウ素液はデンプンに反応して青紫色に変わる性質があります。これを利用して光合成の有無を調べます。	2	水	酸素	デンプン	二酸化炭素
bq_108	植物が昼夜を問わず常に行っている、酸素を取り入れ二酸化炭素を出す働きを何といいますか。	呼吸	植物も動物と同じように、生きるためのエネルギーを得るために呼吸を行っています。	3	光合成	蒸散	受粉	呼吸
bq_109	光が十分に当たっている昼間、植物の気体の出入りが見かけ上「二酸化炭素を吸収し、酸素を出している」ように見えるのはなぜですか。	光合成の量が呼吸の量を上回っているから	昼間は呼吸も行っていますが、光合成がより盛んに行われるため、全体として酸素の放出が多くなります。	0	光合成の量が呼吸の量を上回っているから	昼間は呼吸を止めているから	光合成で酸素を吸収しているから	蒸散によって酸素が作られるから
bq_110	顕微鏡で観察される「ミカヅキモ」や「クンショウモ」は、どのようにして養分を得ていますか。	葉緑体で光合成を行う	これらは緑色をしており、日光を浴びて自ら光合成を行い養分をつくります。	1	他の微生物を食べる	葉緑体で光合成を行う	根から直接吸収する	分裂して増えるだけである
bq_111	水中生物の「ゾウリムシ」について正しい記述はどれですか。	体にある細かな毛（繊毛）を動かして移動する	ゾウリムシは全身にある短い毛を使い、水の中を泳ぎ回って他の小さな生物を食べます。	2	緑色で光合成を行う	動かずにじっとしている	体にある細かな毛（繊毛）を動かして移動する	大きな貝殻をもっている
bq_112	「ミジンコ」などの小さな節足動物が、水中で呼吸するために使っている器官は何ですか。	えら	ミジンコは甲殻類の仲間であり、水中の酸素を取り込むための「えら」をもっています。	3	肺	気門	皮膚	えら
bq_113	イチョウやソテツは、花のつくりの分類上どこに含まれますか。	裸子植物	これらは胚珠が子房に包まれずむき出しになっているため、裸子植物に分類されます。	0	裸子植物	被子植物	コケ植物	藻類
bq_114	被子植物のうち、種子の「子葉」が2枚のグループを何といいますか。	双子葉類	アブラナやアサガオなどは、芽が出たときの子葉が2枚なので双子葉類と呼ばれます。	1	単子葉類	双子葉類	裸子植物	コケ植物
bq_115	被子植物のうち、種子の「子葉」が1枚のグループを何といいますか。	単子葉類	トウモロコシやユリなどは、芽が出たときの子葉が1枚なので単子葉類と呼ばれます。	2	双子葉類	シダ植物	単子葉類	藻類
bq_116	「ツユクサ」や「スズメノカタビラ」の葉脈の形と根のつくりの正しい組み合わせはどれですか。	平行脈・ひげ根	これらは単子葉類であり、平行な葉脈と、多数の細い根（ひげ根）をもちます。	3	網状脈・主根と側根	平行脈・主根と側根	網状脈・ひげ根	平行脈・ひげ根
bq_117	「ナズナ」や「タンポポ」の葉脈の形と根のつくりの正しい組み合わせはどれですか。	網状脈・主根と側根	これらは双子葉類であり、網の目のような葉脈と、中心に太い根がある主根・側根をもちます。	0	網状脈・主根と側根	平行脈・ひげ根	網状脈・ひげ根	平行脈・主根と側根
bq_118	植物が「根毛」をもつことで、どのような利点が生じますか。	根の表面積が広がり、効率よく水や養分を吸収できる	たくさんの細かな毛があることで土と接する面積が大きくなり、吸収効率が格段に上がります。	1	土に深く潜りやすくなる	根の表面積が広がり、効率よく水や養分を吸収できる	害虫を寄せ付けなくなる	光合成を行えるようになる
bq_119	「ひげ根」が地面を広くつかむように広がっている主な理由は何ですか。	浅い部分の水分を効率よく集め、体を支えるため	ひげ根は地表近くに広く広がることで、雨水などを素早く取り込み、地面を面でつかんで支えます。	2	地中の奥深くにある水を吸うため	種子を地面に埋めるため	浅い部分の水分を効率よく集め、体を支えるため	他の植物から養分を奪うため
bq_120	「主根」が垂直に深く伸びている主な理由は何ですか。	地下深くにある水分を利用し、倒れにくくするため	地下深くまで伸びることで、乾燥した時期でも深い場所の水を吸収でき、体をしっかりと固定できます。	3	光を避けるため	空気を取り込むため	横に広がるため	地下深くにある水分を利用し、倒れにくくするため
bq_121	アサガオの芽が出る様子を観察したとき、最初に出てくる2枚の葉を何といいますか。	子葉	種子の中に準備されていた、発芽して最初に見える葉を子葉といいます。	0	子葉	本葉	胞子葉	仮根
bq_122	サツマイモ、ジャガイモ、レンコンのうち、「根」を食べているのはどれですか。	サツマイモ	サツマイモは根が太くなったもの、ジャガイモとレンコンは地下の茎が太くなったものです。	1	ジャガイモ	サツマイモ	レンコン	すべて根である
bq_123	植物が葉を「互生（互い違い）」や「対生（向かい合わせ）」につける共通の目的は何ですか。	効率よく日光を浴び、光合成を行うため	葉が重ならないように配置することで、すべての葉に光が当たるように工夫しています。	2	風を完全に防ぐため	重さを左右均等にするため	効率よく日光を浴び、光合成を行うため	虫に食べられにくくするため
bq_124	ヒマワリの花は黄金比やフィボナッチ数列に関連した並び方をしています。それはどの部分に見られますか。	種子の並び方	ヒマワリの種子は、無駄な隙間なくぎっしりと並ぶために、数学的に非常に効率的な螺旋を描いています。	3	根の長さ	茎の太さ	花びらの色	種子の並び方
bq_125	植物の分類において、種子をつくる「種子植物」は大きく2つに分けると何と何ですか。	被子植物と裸子植物	胚珠が包まれているか、むき出しになっているかで分類されます。	0	被子植物と裸子植物	単子葉類と双子葉類	シダ植物とコケ植物	合弁花類と離弁花類
bq_126	「リンネ」が提案した、生物に共通の特徴を見つけてグループにまとめる学問を何といいますか。	分類学	生物の多様性を整理し、体系化する学問を分類学といいます。	1	進化論	分類学	生態学	遺伝学
bq_127	魚類の中で、サメやエイが他の一般的な魚（タイなど）と大きく異なる特徴は何ですか。	骨格が柔らかい軟骨でできている	多くの魚は硬骨魚類ですが、サメやエイは軟骨魚類と呼ばれ、骨格が非常にしなやかです。	2	肺で呼吸する	卵ではなく子を産む	骨格が柔らかい軟骨でできている	うろこが全くない
bq_128	哺乳類の中で、カモノハシのように「卵を産んで、乳で子を育てる」珍しい特徴をもつ動物は何ですか。	単孔類	カモノハシやハリモグラは、卵を産みますが乳を与えるため哺乳類に分類されます。	3	有袋類	爬虫類	鳥類	単孔類
bq_129	ライオンの「あし」にある鋭い「かぎ爪」は、どのようなことに役立っていますか。	獲物を捕らえたり、速度を上げたりする	鋭い爪を獲物に突き立てて逃がさないようにしたり、走る際のスパイクとして利用します。	0	獲物を捕らえたり、速度を上げたりする	植物の根を掘り起こす	高い木に登って生活する	地面の熱から足を守る
bq_130	シマウマの「あし」にある厚い「ひづめ」は、どのようなことに役立っていますか。	長距離を走り、敵から逃げる	ひづめは硬い地面を長時間走るのに適しており、衝撃から足を守りつつ高速で移動できます。	1	獲物を攻撃する	長距離を走り、敵から逃げる	穴を掘って冬眠する	水中を泳ぐ
bq_131	カバの頭部の骨を観察すると、大きく発達した歯が見られます。これは主にどのような役割をしますか。	縄張り争いや敵への攻撃	カバは草食ですが、巨大な犬歯や門歯を武器として使い、外敵や他のオスと戦います。	2	肉を切り裂く	草を細かく刻む	縄張り争いや敵への攻撃	地面から水を掘り出す
bq_132	脊椎動物の「ハト」が、空を飛ぶために骨格にもっている特徴はどれですか。	骨の中が空洞になっていて軽い	飛行中の体重を軽くするため、鳥類の骨は中が空洞で、支えの筋が入った非常に軽い構造をしています。	3	骨が非常に重くて頑丈である	背骨が全くない	骨の数が哺乳類より多い	骨の中が空洞になっていて軽い
bq_133	ヘビは足がありませんが、脊椎動物のどのグループに属しますか。	爬虫類	ヘビは足が退化していますが、背骨をもち、体表がうろこで覆われ、肺呼吸をする爬虫類です。	0	爬虫類	両生類	魚類	無脊椎動物
bq_134	ペンギンは水中を泳ぎますが、脊椎動物のどのグループに属しますか。	鳥類	ペンギンは羽毛をもち、卵を産み、肺で呼吸をする鳥類です。翼がひれ（フリッパー）に変化しています。	1	魚類	鳥類	哺乳類	両生類
bq_135	脊椎動物のうち、幼生（子）のときはえらで呼吸し、成体（親）になると主に肺と皮膚で呼吸する仲間はどれですか。	両生類	カエルなどが代表で、生活場所が水中から陸上へと変わることに対応しています。	2	魚類	爬虫類	両生類	鳥類
bq_136	無脊椎動物の中で、昆虫類、甲殻類、クモ類などをまとめて何といいますか。	節足動物	これらは共通して「外骨格」をもち、体やあしに「節」があるのが特徴です。	3	軟体動物	環形動物	棘皮動物	節足動物
bq_137	昆虫が空気を取り入れるための、腹部などにある小さな穴を何といいますか。	気門	昆虫は肺をもたず、気門から空気を取り入れ、気管を通じて全身の細胞に酸素を送ります。	0	気門	気孔	肺	えら
bq_138	エビやカニなどの甲殻類において、頭と胸が一体になった部分を何といいますか。	頭胸部	昆虫は頭・胸・腹に分かれますが、多くの甲殻類は頭と胸が合体して頭胸部となっています。	1	腹部	頭胸部	尾部	外套膜
bq_139	軟体動物の「アサリ」が、水中のプランクトンを食べるために水を取り入れる管を何といいますか。	入水管	入水管から水を取り込み、えらで餌をこし取った後、出水管から水を出します。	2	ろうと	足	入水管	出水管
bq_140	無脊椎動物の中で、タコ、イカ、マイマイのように、筋肉の「あし」をもつ仲間を何といいますか。	軟体動物	体全体が柔らかく、節がないのが特徴で、多くは内臓が外套膜に包まれています。	3	節足動物	棘皮動物	脊椎動物	軟体動物
bq_141	ザリガニの足を観察すると全部で何本ありますか。	10本（5対）	ザリガニは十脚目（じっきゃくもく）に属し、左右あわせて5対、計10本の足をもちます。	0	10本（5対）	6本（3対）	8本（4対）	12本（6対）
bq_142	クモが昆虫ではない理由として、最も適切なものはどれですか。	足が8本あり、体が頭胸部と腹部の2つに分かれているから	昆虫は足が6本で体が3つに分かれますが、クモは足が8本で体は2つの部分からなります。	1	空を飛べないから	足が8本あり、体が頭胸部と腹部の2つに分かれているから	卵を産まないから	外骨格をもっていないから
bq_143	ダンゴムシは、動物の分類上どこに含まれますか。	節足動物（甲殻類）	ダンゴムシは陸上で生活していますが、エビやカニと同じ甲殻類の仲間に分類されます。	2	昆虫類	軟体動物	節足動物（甲殻類）	多足類
bq_144	イカの体にある「すみぶくろ（墨汁のう）」は、主にどのような時に役立ちますか。	敵に襲われたとき、身代わり（目くらまし）にするため	墨を吐き出すことで、敵の目をそらしたり感覚を鈍らせたりして、その隙に逃げます。	3	獲物を麻痺させるため	仲間を呼ぶため	卵を隠すため	敵に襲われたとき、身代わり（目くらまし）にするため
bq_145	「ウニ」や「ヒトデ」は、無脊椎動物の分類では何と呼ばれますか。	その他（棘皮動物など）	節足動物や軟体動物とは別の、棘皮（きょくひ）動物というグループに含まれます。	0	その他（棘皮動物など）	軟体動物	節足動物	魚類
bq_146	地球上に発見されている全動物種（約190万種以上）のうち、最も種類が多いグループは何ですか。	昆虫類	全動物種の約4分の3以上が昆虫類であると言われるほど、非常に多様な種類が存在します。	1	哺乳類	昆虫類	魚類	軟体動物
bq_147	シダ植物の「イヌワラビ」において、私たちが普段「葉」だと思っている長い部分は、実際にはどの部分ですか。	葉（葉の全体）	シダ植物の多くは地下に茎（地下茎）があり、地上に見えているのは大きく発達した葉です。	2	茎	根	葉（葉の全体）	花
bq_148	スギナの穂の部分である「つくし」が放出する、目に見えないほど小さな粒を何といいますか。	胞子	つくしからは大量の胞子が飛ばされ、それが湿った地面に落ちて新しい個体が育ちます。	3	花粉	種子	胚珠	胞子
bq_149	コケ植物が雨上がりなどに一斉に緑色を増し、活発になる理由は何ですか。	体全体で水分を直接吸収できるから	コケ植物は維管束をもたず、体の表面全体から水分や養分を取り込む性質があるためです。	0	体全体で水分を直接吸収できるから	根が水を大量に吸うから	光合成を止めるから	花を咲かせる準備をするから
bq_150	植物を「種子をつくるかどうか」「胚珠が子房にあるか」「子葉が何枚か」といった観点で分けることを何といいますか。	なかま分け（分類）	共通する特徴や違いに注目して整理することで、多様な生物を理解しやすくなります。	1	突然変異	なかま分け（分類）	品種改良	自然選択
bq_151	スウェーデンの紙幣にも肖像が描かれていた、近代的な生物分類の基礎を築いた人物は誰ですか。	リンネ	リンネは「分類学の父」と呼ばれ、生物を特徴ごとに整理する体系を確立しました。	0	リンネ	ダーウィン	メンデル	ニュートン
bq_152	顕微鏡で10倍の接眼レンズと10倍の対物レンズを使用した場合、観察倍率は何倍になりますか。	100倍	倍率は接眼レンズと対物レンズの倍率を掛け合わせて求めます（10×10＝100）。	1	20倍	100倍	200倍	1000倍
bq_153	顕微鏡の対物レンズを交換する際、レンズが回る部分の名称を何といいますか。	レボルバー	レボルバーを回すことで、倍率の異なる対物レンズを切り替えることができます。	2	ステージ	しぼり	レボルバー	鏡筒
bq_154	顕微鏡で観察中、像が左上にずれているとき、像を中央に持ってくるにはプレパラートをどちらへ動かしますか。	左上	顕微鏡では実物と逆の像が見えているため、像がある（ずれている）方向にプレパラートを動かすと中央に寄ります。	3	右下	左下	右上	左上
bq_155	プレパラートを作る際、カバーガラスを斜めにして端からゆっくりとかけるのはなぜですか。	空気が入るのを防ぐため	気泡が入ると観察の邪魔になるため、空気を追い出すようにゆっくりとかけます。	0	空気が入るのを防ぐため	レンズを保護するため	水分を蒸発させるため	色を染み込ませるため
bq_156	緑色をしていて光合成を行うが、べん毛を動かして活発に移動もする単細胞生物は何ですか。	ミドリムシ	ミドリムシは植物のように光合成をし、動物のように移動もする両方の特徴をもつ生物です。	1	アメーバ	ミドリムシ	ゾウリムシ	アオミドロ
bq_157	顕微鏡で観察したとき、三日月のような形をしていて、緑色の葉緑体をもつ生物は何ですか。	ミカヅキモ	ミカヅキモは三日月状の形をした、光合成を行う単細胞の藻類です。	2	アメーバ	クンショウモ	ミカヅキモ	ツリガネムシ
bq_158	ハネケイソウやクンショウモのように、池の水などに住む肉眼では見えにくい小さな生物をまとめて何といいますか。	微生物	肉眼で見えないほど小さな生物を微生物といいます。顕微鏡を使って観察します。	3	脊椎動物	軟体動物	多細胞生物	微生物
bq_159	多くの陸上植物において、葉の表側よりも裏側に気孔が多い一般的な理由は何ですか。	水の失いすぎを防ぐため	表側は直射日光が当たりやすく温度が上がるため、裏側に配置して蒸散を調節しています。	0	水の失いすぎを防ぐため	酸素を吸収しやすくするため	虫から守るため	二酸化炭素を出すため
bq_160	水面に葉を浮かべるハスやスイレンの気孔は、主にどこにありますか。	葉の表側	裏側が水に接しているため、空気を取り入れられる表側に気孔が集中しています。	1	葉の裏側	葉の表側	茎の表面	根の先端
bq_161	トウモロコシのように、葉が直立に近い状態で生える植物の気孔の分布はどうなっていますか。	表側と裏側の両方にほぼ同じくらいある	葉の両面に日光が当たりやすいため、気孔も両面に比較的均等に存在します。	2	表側にだけある	裏側にだけある	表側と裏側の両方にほぼ同じくらいある	全くない
bq_162	サボテンの気孔の数が他の植物に比べて極端に少ない理由として適切なものはどれですか。	乾燥した環境で、体内の水分を逃がさないようにするため	砂漠などの乾燥地で生き残るため、蒸散を最小限に抑える構造になっています。	3	光合成をしないため	夜に呼吸をしないため	敵に食べられないようにするため	乾燥した環境で、体内の水分を逃がさないようにするため
bq_163	トマトなどの植物に見られる「トライコーム（白い毛）」の役割として正しいものはどれですか。	紫外線の防止や害虫の防御	表皮細胞が変化したもので、強い光から身を守ったり、虫の侵入を防いだりします。	0	紫外線の防止や害虫の防御	根の代わりに肥料を吸う	光合成をして酸素を作る	花粉を遠くに飛ばす
bq_164	「ロゼット」と呼ばれる、葉を地面に広げる姿で冬を越す植物として正しい例はどれですか。	タンポポ	タンポポやオオバコは、地面に張り付くような形で冬を越し、春の成長に備えます。	1	ヒマワリ	タンポポ	トウモロコシ	イネ
bq_165	ロゼット型の植物が、冬の地面に近い場所で生活するメリットは何ですか。	風の影響を受けにくく、地面の熱で比較的温かいから	背を低くすることで強風を避け、地熱を利用して凍結を防ぐことができます。	2	日光を遮断するため	雨水をすべて弾くため	風の影響を受けにくく、地面の熱で比較的温かいから	敵から隠れやすいため
bq_166	茎の維管束が中心ではなく、あえて外側に配置されていることによる構造上の利点は何ですか。	曲がる力に対して強くなる	建築の鉄骨のように外側に支柱があることで、風などによる「しなり」に耐えられます。	3	水を早く運べる	養分を蓄えやすくなる	光合成が活発になる	曲がる力に対して強くなる
bq_167	竹の茎が非常に軽くてしなやかでありながら、折れにくいのはどのような構造のおかげですか。	中が空洞で、節目がある構造	ストローのように中が空洞で、一定間隔で「節」があることで、力を逃がしやすくなっています。	0	中が空洞で、節目がある構造	全体がゴムのように柔らかい	維管束が中心に集まっている	葉がすべて上を向いている
bq_168	双子葉類の根にある、中心の太い「主根」から分かれて伸びる細い根を何といいますか。	側根	主根と側根の組み合わせは、双子葉類の大きな特徴の一つです。	1	根毛	側根	ひげ根	仮根
bq_169	根の先端近くにあり、土の隙間に入り込んで効率よく水や養分を吸収する細かな毛を何といいますか。	根毛	根毛があることで根全体の表面積が大きくなり、吸収効率が非常に高まります。	2	トライコーム	側根	根毛	ひげ根
bq_170	「ひげ根」をもつ植物として正しい組み合わせはどれですか。	トウモロコシ・イネ	これらは単子葉類であり、主根がなく多数の細い根が広がるひげ根をもちます。	3	アブラナ・サクラ	タンポポ・ナズナ	ツツジ・アサガオ	トウモロコシ・イネ
bq_171	私たちが食べている野菜のうち、「根」が太くなったものを食べているのはどれですか。	ニンジン	ニンジンやダイコン、ゴボウは根の部分に養分を蓄えたものです。	0	ニンジン	ジャガイモ	アスパラガス	レンコン
bq_172	私たちが食べている野菜のうち、「茎」が変化して土の中で太くなったものを食べているのはどれですか。	レンコン	レンコンやジャガイモ、サトイモは地下にある茎（地下茎）を食べています。	1	サツマイモ	レンコン	ダイコン	キャベツ
bq_173	アスパラガスやセロリは、主に植物のどの部分を食べていますか。	茎	これらは地上に伸びた茎を食用としています。	2	根	葉	茎	花
bq_174	植物が葉を「入れ違い（互生）」に生やすのは、どのような目的があるからですか。	下の葉にも日光が当たるようにするため	葉が重ならないようにすることで、効率よく光合成を行えるように工夫されています。	3	風を遮るため	茎を太くするため	雨水を根に集めるため	下の葉にも日光が当たるようにするため
bq_175	マツの花粉にある2つの「空気袋」は、何によって運ばれるために役立ちますか。	風	マツは風によって花粉を運ぶ「風媒花」であるため、空気袋で軽くなって飛びやすくしています。	0	風	虫	鳥	水
bq_176	受粉した後、マツの「雌花のりん片」にある胚珠は何になりますか。	種子	胚珠は受粉後に成長して種子（松の実）になります。マツには子房がないので果実はできません。	1	果実	種子	胞子	花粉
bq_177	被子植物において、受粉すると「子房」は成長して何になりますか。	果実	子房が果実に、中の胚珠が種子になります。	2	種子	仮根	果実	胞子のう
bq_178	アブラナやツツジのように、胚珠が子房の中に包まれている植物を何といいますか。	被子植物	胚珠が子房（被膜）に包まれていることから被子植物と呼ばれます。	3	裸子植物	藻類	シダ植物	被子植物
bq_179	マツ、イチョウ、ソテツ、スギなどに共通する、花のつくりの特徴は何ですか。	胚珠がむき出しになっている	これらは子房をもたず、胚珠がむき出しの裸子植物です。	0	胚珠がむき出しになっている	花弁が非常に美しい	必ずひげ根をもつ	果実の中に種子がある
bq_180	シダ植物やコケ植物が、種子の代わりに仲間を増やすためにつくるものを何といいますか。	胞子	これらは種子をつくらず、胞子のうの中で作られる胞子によって増えます。	1	花粉	胞子	胚珠	卵
bq_181	ゼニゴケなどのコケ植物について、体のつくりの特徴として正しいものはどれですか。	根・茎・葉の区別がない	コケ植物は体全体で水分を吸収し、維管束も発達していません。	2	道管と師管が発達している	種子で増える	根・茎・葉の区別がない	大きな花を咲かせる
bq_182	コケ植物に見られる「仮根（かこん）」の主な役割は何ですか。	体を地面や岩に固定する	仮根は水を吸い上げる働きはほとんどなく、体を支えるのが主な役割です。	3	光合成を行う	水を大量に吸い上げる	胞子を作る	体を地面や岩に固定する
bq_183	ワカメやコンブなどの「藻類」について正しい記述はどれですか。	葉緑体をもち、光合成を行う	藻類は水中で生活し、光を浴びて自ら養分をつくり出します。	0	葉緑体をもち、光合成を行う	根・茎・葉の区別がある	種子をつくって増える	肺で呼吸をする
bq_184	脊椎動物のうち、一生を水中で過ごし、えらで呼吸し、多くは卵生なのはどのグループですか。	魚類	フナやメダカなどが含まれる、水中でえら呼吸をするグループです。	1	両生類	魚類	爬虫類	哺乳類
bq_185	脊椎動物のうち、成体（親）になると主に肺と皮膚で呼吸をするのはどのグループですか。	両生類	カエルやサンショウウオなどの、水辺と陸の両方で生活するグループです。	2	魚類	爬虫類	両生類	鳥類
bq_186	ヘビ、トカゲ、カメなどの爬虫類が、陸上で卵を産むことができる理由は何ですか。	卵が乾燥を防ぐ「殻」で覆われているから	殻があることで、水の中ではなく乾燥した陸上でも卵の中の水分が守られます。	3	親が体内で温めるから	水が必要ない皮膚だから	卵を産まないから	卵が乾燥を防ぐ「殻」で覆われているから
bq_187	鳥類の体表を覆い、体温を保ったり空を飛んだりするのに役立っているものは何ですか。	羽毛	羽毛は鳥類だけの特徴で、保温や飛行に不可欠な構造です。	0	羽毛	うろこ	体毛	皮膚
bq_188	ヒトやイヌ、クジラのように、子が親の体内で育ってから生まれることを何といいますか。	胎生	母体から栄養をもらって育つ仕組みを胎生（たいせい）といいます。	1	卵生	胎生	変態	分裂
bq_189	イルカが水中で生活しているにもかかわらず、魚類ではなく哺乳類に分類される理由は何ですか。	肺で呼吸し、胎生で子が生まれるから	イルカは肺をもち、母乳で子を育てる哺乳類の特徴をもっています。	2	えらで呼吸するから	うろこがあるから	肺で呼吸し、胎生で子が生まれるから	冷血動物だから
bq_190	脊椎動物の中で、周囲の温度が変化しても体温を一定に保つことができる「恒温動物」はどの組み合わせですか。	鳥類と哺乳類	これらはエネルギーを使って体温を維持するため、寒い場所でも活動できます。	3	魚類と両生類	両生類と爬虫類	爬虫類と鳥類	鳥類と哺乳類
bq_191	イルカが泳ぐときの尾びれの動かし方は、魚類（フナなど）と比べてどうなっていますか。	上下に動かす	哺乳類のイルカは尾を上下に振りますが、魚類は左右に振るのが一般的です。	0	上下に動かす	左右に動かす	回転させる	動かさない
bq_192	シマウマなどの草食動物の目が顔の横についているのはなぜですか。	広い範囲を見渡し、敵をいち早く見つけるため	死角を少なくすることで、周囲の肉食動物に素早く気づけるようになっています。	1	獲物を狙いやすくするため	広い範囲を見渡し、敵をいち早く見つけるため	夜でもよく見えるようにするため	水中で泳ぐため
bq_193	ライオンなどの肉食動物の目が顔の前面についているのはなぜですか。	獲物との距離を立体的に測るため	両方の目で見える範囲を重ねることで、正確な距離感をつかみ、獲物を捕らえやすくしています。	2	広い範囲を見るため	色を鮮やかに見るため	獲物との距離を立体的に測るため	敵から隠れるため
bq_194	カバの大きな牙（門歯や犬歯）の主な使い道として、草を食べる以外に何がありますか。	縄張り争いや敵への攻撃	草食ですが、鋭く大きな牙を武器として使い、自分たちの群れや場所を守ります。	3	穴を掘るため	木を倒すため	水を吸い上げるため	縄張り争いや敵への攻撃
bq_195	バッタやカニ、エビのように、体の外側を覆う硬い殻を何といいますか。	外骨格	筋肉が内側についており、体を支え内部を保護する「外の骨」の役割をします。	0	外骨格	外套膜	内骨格	貝殻
bq_196	昆虫、甲殻類、クモ類のように、体やあしに「節」がある無脊椎動物をまとめて何といいますか。	節足動物	外骨格をもち、関節のような節をもつのが共通の特徴です。	1	軟体動物	節足動物	棘皮動物	環形動物
bq_197	昆虫の体について、3対（計6本）のあしが出ているのはどの部分ですか。	胸部	昆虫の体は頭部・胸部・腹部に分かれ、あしや羽は胸部についています。	2	頭部	腹部	胸部	尾部
bq_198	エビやカニなどの「甲殻類」のあしは、全部で何本あるのが一般的ですか。	10本（5対）	ザリガニやカニは「十脚目（じっきゃくもく）」に属し、10本のあしをもちます。	3	6本（3対）	8本（4対）	4本（2対）	10本（5対）
bq_199	アサリやイカなどの「軟体動物」に共通する、内臓を包み込んでいる膜を何といいますか。	外套膜	この外套膜（がいとうまく）の中に、えらや内臓が収められています。	0	外套膜	外骨格	皮膚	横隔膜
bq_200	イカが危険を感じたときに吐き出す「すみ」の役割として最も適切なものはどれですか。	自分の身代わりのような形を作り、敵の目をそらすため	墨を塊のように出すことで、敵がそちらを攻撃している間に逃げる「目くらまし」の役割をします。	1	敵を麻痺させるため	自分の身代わりのような形を作り、敵の目をそらすため	仲間を呼び寄せるため	海を汚して隠れるため
